,Country,Region_x,Happiness Rank_x,Happiness Score_x,Standard Error,Economy (GDP per Capita)_x,Family_x,Health (Life Expectancy)_x,Freedom_x,Trust (Government Corruption)_x,Generosity_x,Dystopia Residual_x,Year_x,Region_y,Happiness Rank_y,Happiness Score_y,Lower Confidence Interval_x,Upper Confidence Interval_x,Economy (GDP per Capita)_y,Family_y,Health (Life Expectancy)_y,Freedom_y,Trust (Government Corruption)_y,Generosity_y,Dystopia Residual_y,Year_y,Region_x,Happiness Rank_x,Happiness Score_x,Lower Confidence Interval_y,Upper Confidence Interval_y,Economy (GDP per Capita)_x,Family_x,Health (Life Expectancy)_x,Freedom_x,Trust (Government Corruption)_x,Generosity_x,Dystopia Residual_x,Year_x,Region_y,Happiness Rank_y,Happiness Score_y,Lower Confidence Interval_x,Upper Confidence Interval_x,Economy (GDP per Capita)_y,Family_y,Health (Life Expectancy)_y,Freedom_y,Trust (Government Corruption)_y,Generosity_y,Dystopia Residual_y,Year_y,Region_x,Happiness Rank_x,Happiness Score_x,Lower Confidence Interval_y,Upper Confidence Interval_y,Economy (GDP per Capita)_x,Family_x,Health (Life Expectancy)_x,Freedom_x,Trust (Government Corruption)_x,Generosity_x,Dystopia Residual_x,Year_x,Region_y,Happiness Rank_y,Happiness Score_y,Lower Confidence Interval,Upper Confidence Interval,Economy (GDP per Capita)_y,Family_y,Health (Life Expectancy)_y,Freedom_y,Trust (Government Corruption)_y,Generosity_y,Dystopia Residual_y,Year_y
0,Switzerland,Western Europe,1,7.587,0.0341,1.3965,1.3495,0.9414,0.6656,0.4198,0.2968,2.5174,2015,Western Europe,2,7.509,7.428,7.59,1.5273,1.1452,0.863,0.5856,0.412,0.2808,2.6946,2016,Western Europe,2,7.509,7.428,7.59,1.5273,1.1452,0.863,0.5856,0.412,0.2808,2.6946,2017,Western Europe,2,7.509,7.428,7.59,1.5273,1.1452,0.863,0.5856,0.412,0.2808,2.6946,2018,Western Europe,2,7.509,7.428,7.59,1.5273,1.1452,0.863,0.5856,0.412,0.2808,2.6946,2019,Western Europe,2,7.509,7.428,7.59,1.5273,1.1452,0.863,0.5856,0.412,0.2808,2.6946,2020
1,Iceland,Western Europe,2,7.561,0.0488,1.3023,1.4022,0.9478,0.6288,0.1414,0.4363,2.702,2015,Western Europe,3,7.501,7.333,7.669,1.4267,1.1833,0.8673,0.5662,0.1498,0.4768,2.8314,2016,Western Europe,3,7.501,7.333,7.669,1.4267,1.1833,0.8673,0.5662,0.1498,0.4768,2.8314,2017,Western Europe,3,7.501,7.333,7.669,1.4267,1.1833,0.8673,0.5662,0.1498,0.4768,2.8314,2018,Western Europe,3,7.501,7.333,7.669,1.4267,1.1833,0.8673,0.5662,0.1498,0.4768,2.8314,2019,Western Europe,3,7.501,7.333,7.669,1.4267,1.1833,0.8673,0.5662,0.1498,0.4768,2.8314,2020
2,Denmark,Western Europe,3,7.527,0.0333,1.3255,1.3606,0.8746,0.6494,0.4836,0.3414,2.492,2015,Western Europe,1,7.526,7.46,7.592,1.4418,1.1637,0.795,0.5794,0.4445,0.3617,2.7394,2016,Western Europe,1,7.526,7.46,7.592,1.4418,1.1637,0.795,0.5794,0.4445,0.3617,2.7394,2017,Western Europe,1,7.526,7.46,7.592,1.4418,1.1637,0.795,0.5794,0.4445,0.3617,2.7394,2018,Western Europe,1,7.526,7.46,7.592,1.4418,1.1637,0.795,0.5794,0.4445,0.3617,2.7394,2019,Western Europe,1,7.526,7.46,7.592,1.4418,1.1637,0.795,0.5794,0.4445,0.3617,2.7394,2020
3,Norway,Western Europe,4,7.522,0.0388,1.459,1.331,0.8852,0.6697,0.365,0.347,2.4653,2015,Western Europe,4,7.498,7.421,7.575,1.5774,1.1269,0.7958,0.5961,0.3578,0.379,2.6646,2016,Western Europe,4,7.498,7.421,7.575,1.5774,1.1269,0.7958,0.5961,0.3578,0.379,2.6646,2017,Western Europe,4,7.498,7.421,7.575,1.5774,1.1269,0.7958,0.5961,0.3578,0.379,2.6646,2018,Western Europe,4,7.498,7.421,7.575,1.5774,1.1269,0.7958,0.5961,0.3578,0.379,2.6646,2019,Western Europe,4,7.498,7.421,7.575,1.5774,1.1269,0.7958,0.5961,0.3578,0.379,2.6646,2020
4,Canada,North America,5,7.427,0.0355,1.3263,1.3226,0.9056,0.633,0.3296,0.4581,2.4518,2015,North America,6,7.404,7.335,7.473,1.4402,1.0961,0.8276,0.5737,0.3133,0.4483,2.7048,2016,North America,6,7.404,7.335,7.473,1.4402,1.0961,0.8276,0.5737,0.3133,0.4483,2.7048,2017,North America,6,7.404,7.335,7.473,1.4402,1.0961,0.8276,0.5737,0.3133,0.4483,2.7048,2018,North America,6,7.404,7.335,7.473,1.4402,1.0961,0.8276,0.5737,0.3133,0.4483,2.7048,2019,North America,6,7.404,7.335,7.473,1.4402,1.0961,0.8276,0.5737,0.3133,0.4483,2.7048,2020
5,Finland,Western Europe,6,7.406,0.0314,1.2902,1.3183,0.8891,0.6417,0.4137,0.2335,2.6196,2015,Western Europe,5,7.413,7.351,7.475,1.406,1.1346,0.8109,0.571,0.41,0.2549,2.826,2016,Western Europe,5,7.413,7.351,7.475,1.406,1.1346,0.8109,0.571,0.41,0.2549,2.826,2017,Western Europe,5,7.413,7.351,7.475,1.406,1.1346,0.8109,0.571,0.41,0.2549,2.826,2018,Western Europe,5,7.413,7.351,7.475,1.406,1.1346,0.8109,0.571,0.41,0.2549,2.826,2019,Western Europe,5,7.413,7.351,7.475,1.406,1.1346,0.8109,0.571,0.41,0.2549,2.826,2020
6,Netherlands,Western Europe,7,7.378,0.028,1.3294,1.2802,0.8928,0.6158,0.3181,0.4761,2.4657,2015,Western Europe,7,7.339,7.284,7.394,1.4647,1.0291,0.8123,0.5521,0.2993,0.4742,2.7075,2016,Western Europe,7,7.339,7.284,7.394,1.4647,1.0291,0.8123,0.5521,0.2993,0.4742,2.7075,2017,Western Europe,7,7.339,7.284,7.394,1.4647,1.0291,0.8123,0.5521,0.2993,0.4742,2.7075,2018,Western Europe,7,7.339,7.284,7.394,1.4647,1.0291,0.8123,0.5521,0.2993,0.4742,2.7075,2019,Western Europe,7,7.339,7.284,7.394,1.4647,1.0291,0.8123,0.5521,0.2993,0.4742,2.7075,2020
7,Sweden,Western Europe,8,7.364,0.0316,1.3317,1.2891,0.9109,0.6598,0.4384,0.3626,2.3712,2015,Western Europe,10,7.291,7.227,7.355,1.4518,1.0876,0.8312,0.5822,0.4087,0.3825,2.5473,2016,Western Europe,10,7.291,7.227,7.355,1.4518,1.0876,0.8312,0.5822,0.4087,0.3825,2.5473,2017,Western Europe,10,7.291,7.227,7.355,1.4518,1.0876,0.8312,0.5822,0.4087,0.3825,2.5473,2018,Western Europe,10,7.291,7.227,7.355,1.4518,1.0876,0.8312,0.5822,0.4087,0.3825,2.5473,2019,Western Europe,10,7.291,7.227,7.355,1.4518,1.0876,0.8312,0.5822,0.4087,0.3825,2.5473,2020
8,New Zealand,Australia and New Zealand,9,7.286,0.0337,1.2502,1.3197,0.9084,0.6394,0.4292,0.475,2.2642,2015,Australia and New Zealand,8,7.334,7.264,7.404,1.3607,1.1728,0.831,0.5815,0.419,0.494,2.4755,2016,Australia and New Zealand,8,7.334,7.264,7.404,1.3607,1.1728,0.831,0.5815,0.419,0.494,2.4755,2017,Australia and New Zealand,8,7.334,7.264,7.404,1.3607,1.1728,0.831,0.5815,0.419,0.494,2.4755,2018,Australia and New Zealand,8,7.334,7.264,7.404,1.3607,1.1728,0.831,0.5815,0.419,0.494,2.4755,2019,Australia and New Zealand,8,7.334,7.264,7.404,1.3607,1.1728,0.831,0.5815,0.419,0.494,2.4755,2020
9,Australia,Australia and New Zealand,10,7.284,0.0408,1.3336,1.3092,0.9316,0.6512,0.3564,0.4356,2.2665,2015,Australia and New Zealand,9,7.313,7.241,7.385,1.4444,1.1048,0.8512,0.5684,0.3233,0.4741,2.5465,2016,Australia and New Zealand,9,7.313,7.241,7.385,1.4444,1.1048,0.8512,0.5684,0.3233,0.4741,2.5465,2017,Australia and New Zealand,9,7.313,7.241,7.385,1.4444,1.1048,0.8512,0.5684,0.3233,0.4741,2.5465,2018,Australia and New Zealand,9,7.313,7.241,7.385,1.4444,1.1048,0.8512,0.5684,0.3233,0.4741,2.5465,2019,Australia and New Zealand,9,7.313,7.241,7.385,1.4444,1.1048,0.8512,0.5684,0.3233,0.4741,2.5465,2020
10,Israel,Middle East and Northern Africa,11,7.278,0.0347,1.2286,1.2239,0.9139,0.4132,0.0778,0.3317,3.0885,2015,Middle East and Northern Africa,11,7.267,7.199,7.335,1.3377,0.9954,0.8492,0.3643,0.0873,0.3229,3.3103,2016,Middle East and Northern Africa,11,7.267,7.199,7.335,1.3377,0.9954,0.8492,0.3643,0.0873,0.3229,3.3103,2017,Middle East and Northern Africa,11,7.267,7.199,7.335,1.3377,0.9954,0.8492,0.3643,0.0873,0.3229,3.3103,2018,Middle East and Northern Africa,11,7.267,7.199,7.335,1.3377,0.9954,0.8492,0.3643,0.0873,0.3229,3.3103,2019,Middle East and Northern Africa,11,7.267,7.199,7.335,1.3377,0.9954,0.8492,0.3643,0.0873,0.3229,3.3103,2020
11,Costa Rica,Latin America and Caribbean,12,7.226,0.0445,0.9558,1.2379,0.8603,0.6338,0.1058,0.255,3.1773,2015,Latin America and Caribbean,14,7.087,6.999,7.175,1.0688,1.0215,0.7615,0.5522,0.1055,0.2255,3.3517,2016,Latin America and Caribbean,14,7.087,6.999,7.175,1.0688,1.0215,0.7615,0.5522,0.1055,0.2255,3.3517,2017,Latin America and Caribbean,14,7.087,6.999,7.175,1.0688,1.0215,0.7615,0.5522,0.1055,0.2255,3.3517,2018,Latin America and Caribbean,14,7.087,6.999,7.175,1.0688,1.0215,0.7615,0.5522,0.1055,0.2255,3.3517,2019,Latin America and Caribbean,14,7.087,6.999,7.175,1.0688,1.0215,0.7615,0.5522,0.1055,0.2255,3.3517,2020
12,Austria,Western Europe,13,7.2,0.0375,1.3372,1.297,0.8904,0.6243,0.1868,0.3309,2.5332,2015,Western Europe,12,7.119,7.045,7.193,1.4504,1.0838,0.8056,0.5436,0.2135,0.3286,2.6934,2016,Western Europe,12,7.119,7.045,7.193,1.4504,1.0838,0.8056,0.5436,0.2135,0.3286,2.6934,2017,Western Europe,12,7.119,7.045,7.193,1.4504,1.0838,0.8056,0.5436,0.2135,0.3286,2.6934,2018,Western Europe,12,7.119,7.045,7.193,1.4504,1.0838,0.8056,0.5436,0.2135,0.3286,2.6934,2019,Western Europe,12,7.119,7.045,7.193,1.4504,1.0838,0.8056,0.5436,0.2135,0.3286,2.6934,2020
13,Mexico,Latin America and Caribbean,14,7.187,0.0418,1.0205,0.9145,0.8144,0.4818,0.2131,0.1407,3.6021,2015,Latin America and Caribbean,21,6.778,6.68,6.876,1.1151,0.7146,0.7114,0.3771,0.1836,0.1174,3.5591,2016,Latin America and Caribbean,21,6.778,6.68,6.876,1.1151,0.7146,0.7114,0.3771,0.1836,0.1174,3.5591,2017,Latin America and Caribbean,21,6.778,6.68,6.876,1.1151,0.7146,0.7114,0.3771,0.1836,0.1174,3.5591,2018,Latin America and Caribbean,21,6.778,6.68,6.876,1.1151,0.7146,0.7114,0.3771,0.1836,0.1174,3.5591,2019,Latin America and Caribbean,21,6.778,6.68,6.876,1.1151,0.7146,0.7114,0.3771,0.1836,0.1174,3.5591,2020
14,United States,North America,15,7.119,0.0384,1.3945,1.2471,0.8618,0.546,0.1589,0.401,2.5101,2015,North America,13,7.104,7.02,7.188,1.508,1.0478,0.779,0.4816,0.1487,0.4108,2.7278,2016,North America,13,7.104,7.02,7.188,1.508,1.0478,0.779,0.4816,0.1487,0.4108,2.7278,2017,North America,13,7.104,7.02,7.188,1.508,1.0478,0.779,0.4816,0.1487,0.4108,2.7278,2018,North America,13,7.104,7.02,7.188,1.508,1.0478,0.779,0.4816,0.1487,0.4108,2.7278,2019,North America,13,7.104,7.02,7.188,1.508,1.0478,0.779,0.4816,0.1487,0.4108,2.7278,2020
15,Brazil,Latin America and Caribbean,16,6.983,0.0408,0.9812,1.2329,0.697,0.4905,0.1752,0.1457,3.26,2015,Latin America and Caribbean,17,6.952,6.875,7.029,1.0875,1.0394,0.6142,0.4042,0.1417,0.1578,3.5073,2016,Latin America and Caribbean,17,6.952,6.875,7.029,1.0875,1.0394,0.6142,0.4042,0.1417,0.1578,3.5073,2017,Latin America and Caribbean,17,6.952,6.875,7.029,1.0875,1.0394,0.6142,0.4042,0.1417,0.1578,3.5073,2018,Latin America and Caribbean,17,6.952,6.875,7.029,1.0875,1.0394,0.6142,0.4042,0.1417,0.1578,3.5073,2019,Latin America and Caribbean,17,6.952,6.875,7.029,1.0875,1.0394,0.6142,0.4042,0.1417,0.1578,3.5073,2020
16,Luxembourg,Western Europe,17,6.946,0.035,1.5639,1.2196,0.9189,0.6158,0.378,0.2803,1.9696,2015,Western Europe,20,6.871,6.804,6.938,1.6975,1.04,0.8454,0.5487,0.3533,0.2757,2.1106,2016,Western Europe,20,6.871,6.804,6.938,1.6975,1.04,0.8454,0.5487,0.3533,0.2757,2.1106,2017,Western Europe,20,6.871,6.804,6.938,1.6975,1.04,0.8454,0.5487,0.3533,0.2757,2.1106,2018,Western Europe,20,6.871,6.804,6.938,1.6975,1.04,0.8454,0.5487,0.3533,0.2757,2.1106,2019,Western Europe,20,6.871,6.804,6.938,1.6975,1.04,0.8454,0.5487,0.3533,0.2757,2.1106,2020
17,Ireland,Western Europe,18,6.94,0.0368,1.336,1.3695,0.8953,0.6178,0.287,0.459,1.9757,2015,Western Europe,19,6.907,6.836,6.978,1.4834,1.1616,0.8146,0.5401,0.2975,0.4496,2.1599,2016,Western Europe,19,6.907,6.836,6.978,1.4834,1.1616,0.8146,0.5401,0.2975,0.4496,2.1599,2017,Western Europe,19,6.907,6.836,6.978,1.4834,1.1616,0.8146,0.5401,0.2975,0.4496,2.1599,2018,Western Europe,19,6.907,6.836,6.978,1.4834,1.1616,0.8146,0.5401,0.2975,0.4496,2.1599,2019,Western Europe,19,6.907,6.836,6.978,1.4834,1.1616,0.8146,0.5401,0.2975,0.4496,2.1599,2020
18,Belgium,Western Europe,19,6.937,0.036,1.3078,1.2857,0.8967,0.5845,0.2254,0.2225,2.4148,2015,Western Europe,18,6.929,6.861,6.997,1.4254,1.0525,0.8196,0.5135,0.2625,0.2424,2.6136,2016,Western Europe,18,6.929,6.861,6.997,1.4254,1.0525,0.8196,0.5135,0.2625,0.2424,2.6136,2017,Western Europe,18,6.929,6.861,6.997,1.4254,1.0525,0.8196,0.5135,0.2625,0.2424,2.6136,2018,Western Europe,18,6.929,6.861,6.997,1.4254,1.0525,0.8196,0.5135,0.2625,0.2424,2.6136,2019,Western Europe,18,6.929,6.861,6.997,1.4254,1.0525,0.8196,0.5135,0.2625,0.2424,2.6136,2020
19,United Arab Emirates,Middle East and Northern Africa,20,6.901,0.0373,1.4273,1.1258,0.8092,0.6416,0.3858,0.2643,2.2474,2015,Middle East and Northern Africa,28,6.573,6.494,6.652,1.5735,0.8711,0.7299,0.5622,0.3556,0.2659,2.2151,2016,Middle East and Northern Africa,28,6.573,6.494,6.652,1.5735,0.8711,0.7299,0.5622,0.3556,0.2659,2.2151,2017,Middle East and Northern Africa,28,6.573,6.494,6.652,1.5735,0.8711,0.7299,0.5622,0.3556,0.2659,2.2151,2018,Middle East and Northern Africa,28,6.573,6.494,6.652,1.5735,0.8711,0.7299,0.5622,0.3556,0.2659,2.2151,2019,Middle East and Northern Africa,28,6.573,6.494,6.652,1.5735,0.8711,0.7299,0.5622,0.3556,0.2659,2.2151,2020
20,United Kingdom,Western Europe,21,6.867,0.0187,1.2664,1.2855,0.9094,0.5962,0.3207,0.5191,1.9699,2015,Western Europe,23,6.725,6.647,6.803,1.4028,1.0867,0.8099,0.5004,0.274,0.5016,2.15,2016,Western Europe,23,6.725,6.647,6.803,1.4028,1.0867,0.8099,0.5004,0.274,0.5016,2.15,2017,Western Europe,23,6.725,6.647,6.803,1.4028,1.0867,0.8099,0.5004,0.274,0.5016,2.15,2018,Western Europe,23,6.725,6.647,6.803,1.4028,1.0867,0.8099,0.5004,0.274,0.5016,2.15,2019,Western Europe,23,6.725,6.647,6.803,1.4028,1.0867,0.8099,0.5004,0.274,0.5016,2.15,2020
21,Venezuela,Latin America and Caribbean,23,6.81,0.0648,1.0442,1.256,0.7205,0.4291,0.1107,0.0584,3.1913,2015,Latin America and Caribbean,44,6.084,5.973,6.195,1.1337,1.033,0.619,0.1985,0.083,0.0425,2.9747,2016,Latin America and Caribbean,44,6.084,5.973,6.195,1.1337,1.033,0.619,0.1985,0.083,0.0425,2.9747,2017,Latin America and Caribbean,44,6.084,5.973,6.195,1.1337,1.033,0.619,0.1985,0.083,0.0425,2.9747,2018,Latin America and Caribbean,44,6.084,5.973,6.195,1.1337,1.033,0.619,0.1985,0.083,0.0425,2.9747,2019,Latin America and Caribbean,44,6.084,5.973,6.195,1.1337,1.033,0.619,0.1985,0.083,0.0425,2.9747,2020
22,Singapore,Southeastern Asia,24,6.798,0.0378,1.5219,1.02,1.0252,0.5425,0.4921,0.311,1.885,2015,Southeastern Asia,22,6.739,6.674,6.804,1.6456,0.8676,0.9472,0.4877,0.4699,0.3271,1.9938,2016,Southeastern Asia,22,6.739,6.674,6.804,1.6456,0.8676,0.9472,0.4877,0.4699,0.3271,1.9938,2017,Southeastern Asia,22,6.739,6.674,6.804,1.6456,0.8676,0.9472,0.4877,0.4699,0.3271,1.9938,2018,Southeastern Asia,22,6.739,6.674,6.804,1.6456,0.8676,0.9472,0.4877,0.4699,0.3271,1.9938,2019,Southeastern Asia,22,6.739,6.674,6.804,1.6456,0.8676,0.9472,0.4877,0.4699,0.3271,1.9938,2020
23,Panama,Latin America and Caribbean,25,6.786,0.0491,1.0635,1.1985,0.7966,0.5421,0.0927,0.2443,2.8485,2015,Latin America and Caribbean,25,6.701,6.601,6.801,1.1831,0.9891,0.7084,0.4893,0.0842,0.2418,3.0056,2016,Latin America and Caribbean,25,6.701,6.601,6.801,1.1831,0.9891,0.7084,0.4893,0.0842,0.2418,3.0056,2017,Latin America and Caribbean,25,6.701,6.601,6.801,1.1831,0.9891,0.7084,0.4893,0.0842,0.2418,3.0056,2018,Latin America and Caribbean,25,6.701,6.601,6.801,1.1831,0.9891,0.7084,0.4893,0.0842,0.2418,3.0056,2019,Latin America and Caribbean,25,6.701,6.601,6.801,1.1831,0.9891,0.7084,0.4893,0.0842,0.2418,3.0056,2020
24,Germany,Western Europe,26,6.75,0.0185,1.3279,1.2994,0.8919,0.6148,0.2184,0.2821,2.1157,2015,Western Europe,16,6.994,6.93,7.058,1.4479,1.0977,0.8149,0.5347,0.2855,0.3045,2.5093,2016,Western Europe,16,6.994,6.93,7.058,1.4479,1.0977,0.8149,0.5347,0.2855,0.3045,2.5093,2017,Western Europe,16,6.994,6.93,7.058,1.4479,1.0977,0.8149,0.5347,0.2855,0.3045,2.5093,2018,Western Europe,16,6.994,6.93,7.058,1.4479,1.0977,0.8149,0.5347,0.2855,0.3045,2.5093,2019,Western Europe,16,6.994,6.93,7.058,1.4479,1.0977,0.8149,0.5347,0.2855,0.3045,2.5093,2020
25,Chile,Latin America and Caribbean,27,6.67,0.058,1.1072,1.1245,0.8586,0.4413,0.1287,0.3336,2.6758,2015,Latin America and Caribbean,24,6.705,6.615,6.795,1.2167,0.9059,0.8188,0.3779,0.1145,0.316,2.955,2016,Latin America and Caribbean,24,6.705,6.615,6.795,1.2167,0.9059,0.8188,0.3779,0.1145,0.316,2.955,2017,Latin America and Caribbean,24,6.705,6.615,6.795,1.2167,0.9059,0.8188,0.3779,0.1145,0.316,2.955,2018,Latin America and Caribbean,24,6.705,6.615,6.795,1.2167,0.9059,0.8188,0.3779,0.1145,0.316,2.955,2019,Latin America and Caribbean,24,6.705,6.615,6.795,1.2167,0.9059,0.8188,0.3779,0.1145,0.316,2.955,2020
26,Qatar,Middle East and Northern Africa,28,6.611,0.0626,1.6904,1.0786,0.7973,0.6404,0.5221,0.3257,1.5567,2015,Middle East and Northern Africa,36,6.375,6.178,6.572,1.8243,0.8796,0.7172,0.5668,0.4805,0.3239,1.5822,2016,Middle East and Northern Africa,36,6.375,6.178,6.572,1.8243,0.8796,0.7172,0.5668,0.4805,0.3239,1.5822,2017,Middle East and Northern Africa,36,6.375,6.178,6.572,1.8243,0.8796,0.7172,0.5668,0.4805,0.3239,1.5822,2018,Middle East and Northern Africa,36,6.375,6.178,6.572,1.8243,0.8796,0.7172,0.5668,0.4805,0.3239,1.5822,2019,Middle East and Northern Africa,36,6.375,6.178,6.572,1.8243,0.8796,0.7172,0.5668,0.4805,0.3239,1.5822,2020
27,France,Western Europe,29,6.575,0.0351,1.2778,1.2604,0.9458,0.5501,0.2065,0.1233,2.2113,2015,Western Europe,32,6.478,6.397,6.559,1.3949,1.0051,0.838,0.4656,0.1781,0.1216,2.4744,2016,Western Europe,32,6.478,6.397,6.559,1.3949,1.0051,0.838,0.4656,0.1781,0.1216,2.4744,2017,Western Europe,32,6.478,6.397,6.559,1.3949,1.0051,0.838,0.4656,0.1781,0.1216,2.4744,2018,Western Europe,32,6.478,6.397,6.559,1.3949,1.0051,0.838,0.4656,0.1781,0.1216,2.4744,2019,Western Europe,32,6.478,6.397,6.559,1.3949,1.0051,0.838,0.4656,0.1781,0.1216,2.4744,2020
28,Argentina,Latin America and Caribbean,30,6.574,0.0461,1.0535,1.2482,0.7872,0.4497,0.0848,0.1145,2.836,2015,Latin America and Caribbean,26,6.65,6.56,6.74,1.1514,1.0661,0.6971,0.4228,0.073,0.1099,3.1298,2016,Latin America and Caribbean,26,6.65,6.56,6.74,1.1514,1.0661,0.6971,0.4228,0.073,0.1099,3.1298,2017,Latin America and Caribbean,26,6.65,6.56,6.74,1.1514,1.0661,0.6971,0.4228,0.073,0.1099,3.1298,2018,Latin America and Caribbean,26,6.65,6.56,6.74,1.1514,1.0661,0.6971,0.4228,0.073,0.1099,3.1298,2019,Latin America and Caribbean,26,6.65,6.56,6.74,1.1514,1.0661,0.6971,0.4228,0.073,0.1099,3.1298,2020
29,Czech Republic,Central and Eastern Europe,31,6.505,0.0417,1.179,1.2064,0.8448,0.4636,0.0265,0.1069,2.6778,2015,Central and Eastern Europe,27,6.596,6.515,6.677,1.3092,1.0079,0.7638,0.4142,0.0399,0.0993,2.9621,2016,Central and Eastern Europe,27,6.596,6.515,6.677,1.3092,1.0079,0.7638,0.4142,0.0399,0.0993,2.9621,2017,Central and Eastern Europe,27,6.596,6.515,6.677,1.3092,1.0079,0.7638,0.4142,0.0399,0.0993,2.9621,2018,Central and Eastern Europe,27,6.596,6.515,6.677,1.3092,1.0079,0.7638,0.4142,0.0399,0.0993,2.9621,2019,Central and Eastern Europe,27,6.596,6.515,6.677,1.3092,1.0079,0.7638,0.4142,0.0399,0.0993,2.9621,2020
30,Uruguay,Latin America and Caribbean,32,6.485,0.0454,1.0617,1.2089,0.8116,0.6036,0.2456,0.2324,2.3214,2015,Latin America and Caribbean,29,6.545,6.456,6.634,1.1816,1.0314,0.7218,0.5439,0.2139,0.1806,2.6714,2016,Latin America and Caribbean,29,6.545,6.456,6.634,1.1816,1.0314,0.7218,0.5439,0.2139,0.1806,2.6714,2017,Latin America and Caribbean,29,6.545,6.456,6.634,1.1816,1.0314,0.7218,0.5439,0.2139,0.1806,2.6714,2018,Latin America and Caribbean,29,6.545,6.456,6.634,1.1816,1.0314,0.7218,0.5439,0.2139,0.1806,2.6714,2019,Latin America and Caribbean,29,6.545,6.456,6.634,1.1816,1.0314,0.7218,0.5439,0.2139,0.1806,2.6714,2020
31,Colombia,Latin America and Caribbean,33,6.477,0.0505,0.9186,1.2402,0.6908,0.5347,0.0512,0.184,2.8574,2015,Latin America and Caribbean,31,6.481,6.384,6.578,1.0303,1.0217,0.5966,0.4474,0.054,0.1563,3.1747,2016,Latin America and Caribbean,31,6.481,6.384,6.578,1.0303,1.0217,0.5966,0.4474,0.054,0.1563,3.1747,2017,Latin America and Caribbean,31,6.481,6.384,6.578,1.0303,1.0217,0.5966,0.4474,0.054,0.1563,3.1747,2018,Latin America and Caribbean,31,6.481,6.384,6.578,1.0303,1.0217,0.5966,0.4474,0.054,0.1563,3.1747,2019,Latin America and Caribbean,31,6.481,6.384,6.578,1.0303,1.0217,0.5966,0.4474,0.054,0.1563,3.1747,2020
32,Thailand,Southeastern Asia,34,6.455,0.0356,0.9669,1.265,0.7385,0.5566,0.0319,0.5763,2.3194,2015,Southeastern Asia,33,6.474,6.396,6.552,1.0893,1.0448,0.6492,0.4955,0.0283,0.587,2.5796,2016,Southeastern Asia,33,6.474,6.396,6.552,1.0893,1.0448,0.6492,0.4955,0.0283,0.587,2.5796,2017,Southeastern Asia,33,6.474,6.396,6.552,1.0893,1.0448,0.6492,0.4955,0.0283,0.587,2.5796,2018,Southeastern Asia,33,6.474,6.396,6.552,1.0893,1.0448,0.6492,0.4955,0.0283,0.587,2.5796,2019,Southeastern Asia,33,6.474,6.396,6.552,1.0893,1.0448,0.6492,0.4955,0.0283,0.587,2.5796,2020
33,Saudi Arabia,Middle East and Northern Africa,35,6.411,0.0463,1.3954,1.0839,0.7202,0.3105,0.3252,0.1371,2.4387,2015,Middle East and Northern Africa,34,6.379,6.287,6.471,1.4895,0.8483,0.5927,0.379,0.3001,0.1546,2.6148,2016,Middle East and Northern Africa,34,6.379,6.287,6.471,1.4895,0.8483,0.5927,0.379,0.3001,0.1546,2.6148,2017,Middle East and Northern Africa,34,6.379,6.287,6.471,1.4895,0.8483,0.5927,0.379,0.3001,0.1546,2.6148,2018,Middle East and Northern Africa,34,6.379,6.287,6.471,1.4895,0.8483,0.5927,0.379,0.3001,0.1546,2.6148,2019,Middle East and Northern Africa,34,6.379,6.287,6.471,1.4895,0.8483,0.5927,0.379,0.3001,0.1546,2.6148,2020
34,Spain,Western Europe,36,6.329,0.0347,1.2301,1.3138,0.9556,0.4595,0.064,0.1823,2.1237,2015,Western Europe,37,6.361,6.288,6.434,1.3425,1.1294,0.879,0.3754,0.0614,0.1766,2.3966,2016,Western Europe,37,6.361,6.288,6.434,1.3425,1.1294,0.879,0.3754,0.0614,0.1766,2.3966,2017,Western Europe,37,6.361,6.288,6.434,1.3425,1.1294,0.879,0.3754,0.0614,0.1766,2.3966,2018,Western Europe,37,6.361,6.288,6.434,1.3425,1.1294,0.879,0.3754,0.0614,0.1766,2.3966,2019,Western Europe,37,6.361,6.288,6.434,1.3425,1.1294,0.879,0.3754,0.0614,0.1766,2.3966,2020
35,Malta,Western Europe,37,6.302,0.0421,1.2074,1.302,0.8872,0.6036,0.1359,0.5175,1.6488,2015,Western Europe,30,6.488,6.409,6.567,1.3078,1.0988,0.8032,0.5499,0.1755,0.5624,1.9903,2016,Western Europe,30,6.488,6.409,6.567,1.3078,1.0988,0.8032,0.5499,0.1755,0.5624,1.9903,2017,Western Europe,30,6.488,6.409,6.567,1.3078,1.0988,0.8032,0.5499,0.1755,0.5624,1.9903,2018,Western Europe,30,6.488,6.409,6.567,1.3078,1.0988,0.8032,0.5499,0.1755,0.5624,1.9903,2019,Western Europe,30,6.488,6.409,6.567,1.3078,1.0988,0.8032,0.5499,0.1755,0.5624,1.9903,2020
36,Taiwan,Eastern Asia,38,6.298,0.0387,1.291,1.0762,0.8753,0.3974,0.0813,0.2538,2.3232,2015,Eastern Asia,34,6.379,6.305,6.453,1.3973,0.9262,0.7956,0.3238,0.0663,0.255,2.6152,2016,Eastern Asia,34,6.379,6.305,6.453,1.3973,0.9262,0.7956,0.3238,0.0663,0.255,2.6152,2017,Eastern Asia,34,6.379,6.305,6.453,1.3973,0.9262,0.7956,0.3238,0.0663,0.255,2.6152,2018,Eastern Asia,34,6.379,6.305,6.453,1.3973,0.9262,0.7956,0.3238,0.0663,0.255,2.6152,2019,Eastern Asia,34,6.379,6.305,6.453,1.3973,0.9262,0.7956,0.3238,0.0663,0.255,2.6152,2020
37,Kuwait,Middle East and Northern Africa,39,6.295,0.0446,1.5542,1.1659,0.7249,0.555,0.2561,0.1623,1.8763,2015,Middle East and Northern Africa,41,6.239,6.154,6.324,1.6171,0.8776,0.6357,0.4317,0.2367,0.1596,2.2808,2016,Middle East and Northern Africa,41,6.239,6.154,6.324,1.6171,0.8776,0.6357,0.4317,0.2367,0.1596,2.2808,2017,Middle East and Northern Africa,41,6.239,6.154,6.324,1.6171,0.8776,0.6357,0.4317,0.2367,0.1596,2.2808,2018,Middle East and Northern Africa,41,6.239,6.154,6.324,1.6171,0.8776,0.6357,0.4317,0.2367,0.1596,2.2808,2019,Middle East and Northern Africa,41,6.239,6.154,6.324,1.6171,0.8776,0.6357,0.4317,0.2367,0.1596,2.2808,2020
38,Suriname,Latin America and Caribbean,40,6.269,0.0981,0.9953,0.972,0.6082,0.5966,0.1363,0.1699,2.7909,2015,Latin America and Caribbean,40,6.269,6.073,6.465,1.0969,0.7787,0.5093,0.5223,0.1269,0.1666,3.0685,2016,Latin America and Caribbean,40,6.269,6.073,6.465,1.0969,0.7787,0.5093,0.5223,0.1269,0.1666,3.0685,2017,Latin America and Caribbean,40,6.269,6.073,6.465,1.0969,0.7787,0.5093,0.5223,0.1269,0.1666,3.0685,2018,Latin America and Caribbean,40,6.269,6.073,6.465,1.0969,0.7787,0.5093,0.5223,0.1269,0.1666,3.0685,2019,Latin America and Caribbean,40,6.269,6.073,6.465,1.0969,0.7787,0.5093,0.5223,0.1269,0.1666,3.0685,2020
39,Trinidad and Tobago,Latin America and Caribbean,41,6.168,0.109,1.2118,1.1835,0.6148,0.5588,0.0114,0.3184,2.2688,2015,Latin America and Caribbean,43,6.168,5.95,6.386,1.3257,0.9857,0.5261,0.4845,0.0124,0.3194,2.5139,2016,Latin America and Caribbean,43,6.168,5.95,6.386,1.3257,0.9857,0.5261,0.4845,0.0124,0.3194,2.5139,2017,Latin America and Caribbean,43,6.168,5.95,6.386,1.3257,0.9857,0.5261,0.4845,0.0124,0.3194,2.5139,2018,Latin America and Caribbean,43,6.168,5.95,6.386,1.3257,0.9857,0.5261,0.4845,0.0124,0.3194,2.5139,2019,Latin America and Caribbean,43,6.168,5.95,6.386,1.3257,0.9857,0.5261,0.4845,0.0124,0.3194,2.5139,2020
40,El Salvador,Latin America and Caribbean,42,6.13,0.0562,0.7645,1.0251,0.6774,0.4035,0.1178,0.1069,3.035,2015,Latin America and Caribbean,46,6.068,5.967,6.169,0.8737,0.8098,0.596,0.3727,0.1061,0.0888,3.2213,2016,Latin America and Caribbean,46,6.068,5.967,6.169,0.8737,0.8098,0.596,0.3727,0.1061,0.0888,3.2213,2017,Latin America and Caribbean,46,6.068,5.967,6.169,0.8737,0.8098,0.596,0.3727,0.1061,0.0888,3.2213,2018,Latin America and Caribbean,46,6.068,5.967,6.169,0.8737,0.8098,0.596,0.3727,0.1061,0.0888,3.2213,2019,Latin America and Caribbean,46,6.068,5.967,6.169,0.8737,0.8098,0.596,0.3727,0.1061,0.0888,3.2213,2020
41,Guatemala,Latin America and Caribbean,43,6.123,0.0522,0.7455,1.0436,0.6442,0.5773,0.0947,0.2749,2.7426,2015,Latin America and Caribbean,39,6.324,6.213,6.435,0.8345,0.8712,0.5404,0.5038,0.087,0.2881,3.1986,2016,Latin America and Caribbean,39,6.324,6.213,6.435,0.8345,0.8712,0.5404,0.5038,0.087,0.2881,3.1986,2017,Latin America and Caribbean,39,6.324,6.213,6.435,0.8345,0.8712,0.5404,0.5038,0.087,0.2881,3.1986,2018,Latin America and Caribbean,39,6.324,6.213,6.435,0.8345,0.8712,0.5404,0.5038,0.087,0.2881,3.1986,2019,Latin America and Caribbean,39,6.324,6.213,6.435,0.8345,0.8712,0.5404,0.5038,0.087,0.2881,3.1986,2020
42,Uzbekistan,Central and Eastern Europe,44,6.003,0.0436,0.6324,1.3404,0.5977,0.6582,0.3083,0.2284,2.2374,2015,Central and Eastern Europe,49,5.987,5.896,6.078,0.7359,1.1681,0.5016,0.6085,0.2833,0.3433,2.3464,2016,Central and Eastern Europe,49,5.987,5.896,6.078,0.7359,1.1681,0.5016,0.6085,0.2833,0.3433,2.3464,2017,Central and Eastern Europe,49,5.987,5.896,6.078,0.7359,1.1681,0.5016,0.6085,0.2833,0.3433,2.3464,2018,Central and Eastern Europe,49,5.987,5.896,6.078,0.7359,1.1681,0.5016,0.6085,0.2833,0.3433,2.3464,2019,Central and Eastern Europe,49,5.987,5.896,6.078,0.7359,1.1681,0.5016,0.6085,0.2833,0.3433,2.3464,2020
43,Slovakia,Central and Eastern Europe,45,5.995,0.0427,1.1689,1.27,0.789,0.3175,0.0343,0.1689,2.2464,2015,Central and Eastern Europe,45,6.078,5.996,6.16,1.2797,1.0827,0.7037,0.2339,0.0295,0.1384,2.6106,2016,Central and Eastern Europe,45,6.078,5.996,6.16,1.2797,1.0827,0.7037,0.2339,0.0295,0.1384,2.6106,2017,Central and Eastern Europe,45,6.078,5.996,6.16,1.2797,1.0827,0.7037,0.2339,0.0295,0.1384,2.6106,2018,Central and Eastern Europe,45,6.078,5.996,6.16,1.2797,1.0827,0.7037,0.2339,0.0295,0.1384,2.6106,2019,Central and Eastern Europe,45,6.078,5.996,6.16,1.2797,1.0827,0.7037,0.2339,0.0295,0.1384,2.6106,2020
44,Japan,Eastern Asia,46,5.987,0.0358,1.2707,1.2571,0.9911,0.4962,0.1806,0.107,1.6844,2015,Eastern Asia,53,5.921,5.85,5.992,1.3801,1.0605,0.9149,0.4676,0.1898,0.1022,1.8058,2016,Eastern Asia,53,5.921,5.85,5.992,1.3801,1.0605,0.9149,0.4676,0.1898,0.1022,1.8058,2017,Eastern Asia,53,5.921,5.85,5.992,1.3801,1.0605,0.9149,0.4676,0.1898,0.1022,1.8058,2018,Eastern Asia,53,5.921,5.85,5.992,1.3801,1.0605,0.9149,0.4676,0.1898,0.1022,1.8058,2019,Eastern Asia,53,5.921,5.85,5.992,1.3801,1.0605,0.9149,0.4676,0.1898,0.1022,1.8058,2020
45,South Korea,Eastern Asia,47,5.984,0.041,1.2446,0.9577,0.9654,0.3321,0.0786,0.1856,2.2198,2015,Eastern Asia,57,5.835,5.747,5.923,1.3595,0.7219,0.8864,0.2517,0.0772,0.1882,2.3502,2016,Eastern Asia,57,5.835,5.747,5.923,1.3595,0.7219,0.8864,0.2517,0.0772,0.1882,2.3502,2017,Eastern Asia,57,5.835,5.747,5.923,1.3595,0.7219,0.8864,0.2517,0.0772,0.1882,2.3502,2018,Eastern Asia,57,5.835,5.747,5.923,1.3595,0.7219,0.8864,0.2517,0.0772,0.1882,2.3502,2019,Eastern Asia,57,5.835,5.747,5.923,1.3595,0.7219,0.8864,0.2517,0.0772,0.1882,2.3502,2020
46,Ecuador,Latin America and Caribbean,48,5.975,0.0453,0.864,0.999,0.7907,0.4857,0.1809,0.1154,2.5394,2015,Latin America and Caribbean,51,5.976,5.88,6.072,0.9731,0.8597,0.6861,0.4027,0.1804,0.1007,2.7737,2016,Latin America and Caribbean,51,5.976,5.88,6.072,0.9731,0.8597,0.6861,0.4027,0.1804,0.1007,2.7737,2017,Latin America and Caribbean,51,5.976,5.88,6.072,0.9731,0.8597,0.6861,0.4027,0.1804,0.1007,2.7737,2018,Latin America and Caribbean,51,5.976,5.88,6.072,0.9731,0.8597,0.6861,0.4027,0.1804,0.1007,2.7737,2019,Latin America and Caribbean,51,5.976,5.88,6.072,0.9731,0.8597,0.6861,0.4027,0.1804,0.1007,2.7737,2020
47,Bahrain,Middle East and Northern Africa,49,5.96,0.0541,1.3238,1.2162,0.7472,0.4549,0.306,0.1736,1.738,2015,Middle East and Northern Africa,42,6.218,6.128,6.308,1.4402,0.944,0.657,0.4738,0.2577,0.1715,2.274,2016,Middle East and Northern Africa,42,6.218,6.128,6.308,1.4402,0.944,0.657,0.4738,0.2577,0.1715,2.274,2017,Middle East and Northern Africa,42,6.218,6.128,6.308,1.4402,0.944,0.657,0.4738,0.2577,0.1715,2.274,2018,Middle East and Northern Africa,42,6.218,6.128,6.308,1.4402,0.944,0.657,0.4738,0.2577,0.1715,2.274,2019,Middle East and Northern Africa,42,6.218,6.128,6.308,1.4402,0.944,0.657,0.4738,0.2577,0.1715,2.274,2020
48,Italy,Western Europe,50,5.948,0.0391,1.2511,1.1978,0.9545,0.2624,0.029,0.2282,2.0252,2015,Western Europe,50,5.977,5.898,6.056,1.355,1.0417,0.851,0.1883,0.0256,0.1668,2.3492,2016,Western Europe,50,5.977,5.898,6.056,1.355,1.0417,0.851,0.1883,0.0256,0.1668,2.3492,2017,Western Europe,50,5.977,5.898,6.056,1.355,1.0417,0.851,0.1883,0.0256,0.1668,2.3492,2018,Western Europe,50,5.977,5.898,6.056,1.355,1.0417,0.851,0.1883,0.0256,0.1668,2.3492,2019,Western Europe,50,5.977,5.898,6.056,1.355,1.0417,0.851,0.1883,0.0256,0.1668,2.3492,2020
49,Bolivia,Latin America and Caribbean,51,5.89,0.0564,0.6813,0.9784,0.5392,0.5741,0.088,0.2054,2.8233,2015,Latin America and Caribbean,59,5.822,5.74,5.904,0.7942,0.8378,0.4697,0.5096,0.0775,0.217,2.9164,2016,Latin America and Caribbean,59,5.822,5.74,5.904,0.7942,0.8378,0.4697,0.5096,0.0775,0.217,2.9164,2017,Latin America and Caribbean,59,5.822,5.74,5.904,0.7942,0.8378,0.4697,0.5096,0.0775,0.217,2.9164,2018,Latin America and Caribbean,59,5.822,5.74,5.904,0.7942,0.8378,0.4697,0.5096,0.0775,0.217,2.9164,2019,Latin America and Caribbean,59,5.822,5.74,5.904,0.7942,0.8378,0.4697,0.5096,0.0775,0.217,2.9164,2020
50,Moldova,Central and Eastern Europe,52,5.889,0.038,0.5945,1.0153,0.6183,0.3282,0.0162,0.2095,3.1071,2015,Central and Eastern Europe,55,5.897,5.823,5.971,0.6918,0.8313,0.5231,0.252,0.019,0.2,3.3801,2016,Central and Eastern Europe,55,5.897,5.823,5.971,0.6918,0.8313,0.5231,0.252,0.019,0.2,3.3801,2017,Central and Eastern Europe,55,5.897,5.823,5.971,0.6918,0.8313,0.5231,0.252,0.019,0.2,3.3801,2018,Central and Eastern Europe,55,5.897,5.823,5.971,0.6918,0.8313,0.5231,0.252,0.019,0.2,3.3801,2019,Central and Eastern Europe,55,5.897,5.823,5.971,0.6918,0.8313,0.5231,0.252,0.019,0.2,3.3801,2020
51,Paraguay,Latin America and Caribbean,53,5.878,0.0456,0.7598,1.3048,0.661,0.539,0.0824,0.3424,2.189,2015,Latin America and Caribbean,70,5.538,5.453,5.623,0.8937,1.1111,0.583,0.4624,0.074,0.253,2.1609,2016,Latin America and Caribbean,70,5.538,5.453,5.623,0.8937,1.1111,0.583,0.4624,0.074,0.253,2.1609,2017,Latin America and Caribbean,70,5.538,5.453,5.623,0.8937,1.1111,0.583,0.4624,0.074,0.253,2.1609,2018,Latin America and Caribbean,70,5.538,5.453,5.623,0.8937,1.1111,0.583,0.4624,0.074,0.253,2.1609,2019,Latin America and Caribbean,70,5.538,5.453,5.623,0.8937,1.1111,0.583,0.4624,0.074,0.253,2.1609,2020
52,Kazakhstan,Central and Eastern Europe,54,5.855,0.0411,1.1225,1.1224,0.6437,0.5165,0.0845,0.1183,2.2473,2015,Central and Eastern Europe,54,5.919,5.837,6.001,1.2294,0.9554,0.5739,0.4052,0.1113,0.1501,2.4933,2016,Central and Eastern Europe,54,5.919,5.837,6.001,1.2294,0.9554,0.5739,0.4052,0.1113,0.1501,2.4933,2017,Central and Eastern Europe,54,5.919,5.837,6.001,1.2294,0.9554,0.5739,0.4052,0.1113,0.1501,2.4933,2018,Central and Eastern Europe,54,5.919,5.837,6.001,1.2294,0.9554,0.5739,0.4052,0.1113,0.1501,2.4933,2019,Central and Eastern Europe,54,5.919,5.837,6.001,1.2294,0.9554,0.5739,0.4052,0.1113,0.1501,2.4933,2020
53,Slovenia,Central and Eastern Europe,55,5.848,0.0425,1.185,1.2738,0.8734,0.6086,0.0379,0.2533,1.6158,2015,Central and Eastern Europe,63,5.768,5.683,5.853,1.2995,1.0561,0.7915,0.5316,0.0364,0.2574,1.7952,2016,Central and Eastern Europe,63,5.768,5.683,5.853,1.2995,1.0561,0.7915,0.5316,0.0364,0.2574,1.7952,2017,Central and Eastern Europe,63,5.768,5.683,5.853,1.2995,1.0561,0.7915,0.5316,0.0364,0.2574,1.7952,2018,Central and Eastern Europe,63,5.768,5.683,5.853,1.2995,1.0561,0.7915,0.5316,0.0364,0.2574,1.7952,2019,Central and Eastern Europe,63,5.768,5.683,5.853,1.2995,1.0561,0.7915,0.5316,0.0364,0.2574,1.7952,2020
54,Lithuania,Central and Eastern Europe,56,5.833,0.0384,1.1472,1.2574,0.7313,0.2134,0.0103,0.0264,2.4465,2015,Central and Eastern Europe,60,5.813,5.734,5.892,1.2692,1.0641,0.6467,0.1893,0.0182,0.0202,2.6052,2016,Central and Eastern Europe,60,5.813,5.734,5.892,1.2692,1.0641,0.6467,0.1893,0.0182,0.0202,2.6052,2017,Central and Eastern Europe,60,5.813,5.734,5.892,1.2692,1.0641,0.6467,0.1893,0.0182,0.0202,2.6052,2018,Central and Eastern Europe,60,5.813,5.734,5.892,1.2692,1.0641,0.6467,0.1893,0.0182,0.0202,2.6052,2019,Central and Eastern Europe,60,5.813,5.734,5.892,1.2692,1.0641,0.6467,0.1893,0.0182,0.0202,2.6052,2020
55,Nicaragua,Latin America and Caribbean,57,5.828,0.0537,0.5933,1.1418,0.7431,0.5548,0.1932,0.2782,2.3241,2015,Latin America and Caribbean,48,5.992,5.877,6.107,0.6938,0.8952,0.6521,0.4658,0.1629,0.2977,2.8243,2016,Latin America and Caribbean,48,5.992,5.877,6.107,0.6938,0.8952,0.6521,0.4658,0.1629,0.2977,2.8243,2017,Latin America and Caribbean,48,5.992,5.877,6.107,0.6938,0.8952,0.6521,0.4658,0.1629,0.2977,2.8243,2018,Latin America and Caribbean,48,5.992,5.877,6.107,0.6938,0.8952,0.6521,0.4658,0.1629,0.2977,2.8243,2019,Latin America and Caribbean,48,5.992,5.877,6.107,0.6938,0.8952,0.6521,0.4658,0.1629,0.2977,2.8243,2020
56,Peru,Latin America and Caribbean,58,5.824,0.0461,0.9002,0.9746,0.7302,0.415,0.0599,0.1498,2.5945,2015,Latin America and Caribbean,64,5.743,5.647,5.839,0.996,0.8126,0.6299,0.375,0.0529,0.1453,2.7312,2016,Latin America and Caribbean,64,5.743,5.647,5.839,0.996,0.8126,0.6299,0.375,0.0529,0.1453,2.7312,2017,Latin America and Caribbean,64,5.743,5.647,5.839,0.996,0.8126,0.6299,0.375,0.0529,0.1453,2.7312,2018,Latin America and Caribbean,64,5.743,5.647,5.839,0.996,0.8126,0.6299,0.375,0.0529,0.1453,2.7312,2019,Latin America and Caribbean,64,5.743,5.647,5.839,0.996,0.8126,0.6299,0.375,0.0529,0.1453,2.7312,2020
57,Belarus,Central and Eastern Europe,59,5.813,0.0394,1.0319,1.2329,0.7361,0.3794,0.1909,0.1105,2.1309,2015,Central and Eastern Europe,61,5.802,5.723,5.881,1.1306,1.0499,0.631,0.2909,0.1746,0.1394,2.3858,2016,Central and Eastern Europe,61,5.802,5.723,5.881,1.1306,1.0499,0.631,0.2909,0.1746,0.1394,2.3858,2017,Central and Eastern Europe,61,5.802,5.723,5.881,1.1306,1.0499,0.631,0.2909,0.1746,0.1394,2.3858,2018,Central and Eastern Europe,61,5.802,5.723,5.881,1.1306,1.0499,0.631,0.2909,0.1746,0.1394,2.3858,2019,Central and Eastern Europe,61,5.802,5.723,5.881,1.1306,1.0499,0.631,0.2909,0.1746,0.1394,2.3858,2020
58,Poland,Central and Eastern Europe,60,5.791,0.0426,1.1256,1.2795,0.779,0.5312,0.0421,0.1676,1.8656,2015,Central and Eastern Europe,57,5.835,5.749,5.921,1.2458,1.0468,0.6906,0.4519,0.055,0.1444,2.2003,2016,Central and Eastern Europe,57,5.835,5.749,5.921,1.2458,1.0468,0.6906,0.4519,0.055,0.1444,2.2003,2017,Central and Eastern Europe,57,5.835,5.749,5.921,1.2458,1.0468,0.6906,0.4519,0.055,0.1444,2.2003,2018,Central and Eastern Europe,57,5.835,5.749,5.921,1.2458,1.0468,0.6906,0.4519,0.055,0.1444,2.2003,2019,Central and Eastern Europe,57,5.835,5.749,5.921,1.2458,1.0468,0.6906,0.4519,0.055,0.1444,2.2003,2020
59,Malaysia,Southeastern Asia,61,5.77,0.0433,1.1249,1.0702,0.7239,0.5302,0.105,0.3308,1.8854,2015,Southeastern Asia,47,6.005,5.921,6.089,1.2514,0.8802,0.6237,0.3903,0.0908,0.4147,2.3538,2016,Southeastern Asia,47,6.005,5.921,6.089,1.2514,0.8802,0.6237,0.3903,0.0908,0.4147,2.3538,2017,Southeastern Asia,47,6.005,5.921,6.089,1.2514,0.8802,0.6237,0.3903,0.0908,0.4147,2.3538,2018,Southeastern Asia,47,6.005,5.921,6.089,1.2514,0.8802,0.6237,0.3903,0.0908,0.4147,2.3538,2019,Southeastern Asia,47,6.005,5.921,6.089,1.2514,0.8802,0.6237,0.3903,0.0908,0.4147,2.3538,2020
60,Croatia,Central and Eastern Europe,62,5.759,0.0439,1.0825,0.7962,0.788,0.2588,0.0243,0.0544,2.7541,2015,Central and Eastern Europe,74,5.488,5.402,5.574,1.1865,0.6081,0.7052,0.2391,0.04,0.1843,2.5246,2016,Central and Eastern Europe,74,5.488,5.402,5.574,1.1865,0.6081,0.7052,0.2391,0.04,0.1843,2.5246,2017,Central and Eastern Europe,74,5.488,5.402,5.574,1.1865,0.6081,0.7052,0.2391,0.04,0.1843,2.5246,2018,Central and Eastern Europe,74,5.488,5.402,5.574,1.1865,0.6081,0.7052,0.2391,0.04,0.1843,2.5246,2019,Central and Eastern Europe,74,5.488,5.402,5.574,1.1865,0.6081,0.7052,0.2391,0.04,0.1843,2.5246,2020
61,Libya,Middle East and Northern Africa,63,5.754,0.0783,1.1314,1.1186,0.7038,0.4167,0.1102,0.183,2.0907,2015,Middle East and Northern Africa,67,5.615,5.406,5.824,1.0669,0.9508,0.523,0.4067,0.1034,0.1709,2.3937,2016,Middle East and Northern Africa,67,5.615,5.406,5.824,1.0669,0.9508,0.523,0.4067,0.1034,0.1709,2.3937,2017,Middle East and Northern Africa,67,5.615,5.406,5.824,1.0669,0.9508,0.523,0.4067,0.1034,0.1709,2.3937,2018,Middle East and Northern Africa,67,5.615,5.406,5.824,1.0669,0.9508,0.523,0.4067,0.1034,0.1709,2.3937,2019,Middle East and Northern Africa,67,5.615,5.406,5.824,1.0669,0.9508,0.523,0.4067,0.1034,0.1709,2.3937,2020
62,Russia,Central and Eastern Europe,64,5.716,0.0314,1.1376,1.2362,0.6693,0.3668,0.03,0.002,2.2739,2015,Central and Eastern Europe,56,5.856,5.789,5.923,1.2323,1.0526,0.5899,0.3268,0.0359,0.0274,2.5912,2016,Central and Eastern Europe,56,5.856,5.789,5.923,1.2323,1.0526,0.5899,0.3268,0.0359,0.0274,2.5912,2017,Central and Eastern Europe,56,5.856,5.789,5.923,1.2323,1.0526,0.5899,0.3268,0.0359,0.0274,2.5912,2018,Central and Eastern Europe,56,5.856,5.789,5.923,1.2323,1.0526,0.5899,0.3268,0.0359,0.0274,2.5912,2019,Central and Eastern Europe,56,5.856,5.789,5.923,1.2323,1.0526,0.5899,0.3268,0.0359,0.0274,2.5912,2020
63,Jamaica,Latin America and Caribbean,65,5.709,0.1369,0.8104,1.151,0.6874,0.5044,0.023,0.2123,2.3204,2015,Latin America and Caribbean,73,5.51,5.315,5.705,0.8933,0.9637,0.5947,0.436,0.0429,0.2224,2.3568,2016,Latin America and Caribbean,73,5.51,5.315,5.705,0.8933,0.9637,0.5947,0.436,0.0429,0.2224,2.3568,2017,Latin America and Caribbean,73,5.51,5.315,5.705,0.8933,0.9637,0.5947,0.436,0.0429,0.2224,2.3568,2018,Latin America and Caribbean,73,5.51,5.315,5.705,0.8933,0.9637,0.5947,0.436,0.0429,0.2224,2.3568,2019,Latin America and Caribbean,73,5.51,5.315,5.705,0.8933,0.9637,0.5947,0.436,0.0429,0.2224,2.3568,2020
64,North Cyprus,Western Europe,66,5.695,0.0564,1.2081,1.0701,0.9236,0.4903,0.1428,0.2617,1.5989,2015,Western Europe,62,5.771,5.67,5.872,1.3114,0.8183,0.8414,0.436,0.1658,0.2632,1.9345,2016,Western Europe,62,5.771,5.67,5.872,1.3114,0.8183,0.8414,0.436,0.1658,0.2632,1.9345,2017,Western Europe,62,5.771,5.67,5.872,1.3114,0.8183,0.8414,0.436,0.1658,0.2632,1.9345,2018,Western Europe,62,5.771,5.67,5.872,1.3114,0.8183,0.8414,0.436,0.1658,0.2632,1.9345,2019,Western Europe,62,5.771,5.67,5.872,1.3114,0.8183,0.8414,0.436,0.1658,0.2632,1.9345,2020
65,Cyprus,Western Europe,67,5.689,0.0558,1.2081,0.8932,0.9236,0.4067,0.0615,0.3064,1.8893,2015,Western Europe,69,5.546,5.442,5.65,1.3186,0.707,0.8488,0.2951,0.0523,0.2791,2.045,2016,Western Europe,69,5.546,5.442,5.65,1.3186,0.707,0.8488,0.2951,0.0523,0.2791,2.045,2017,Western Europe,69,5.546,5.442,5.65,1.3186,0.707,0.8488,0.2951,0.0523,0.2791,2.045,2018,Western Europe,69,5.546,5.442,5.65,1.3186,0.707,0.8488,0.2951,0.0523,0.2791,2.045,2019,Western Europe,69,5.546,5.442,5.65,1.3186,0.707,0.8488,0.2951,0.0523,0.2791,2.045,2020
66,Algeria,Middle East and Northern Africa,68,5.605,0.051,0.9393,1.0777,0.6177,0.2858,0.1738,0.0782,2.4321,2015,Middle East and Northern Africa,38,6.355,6.227,6.483,1.0527,0.8331,0.618,0.2101,0.1616,0.0704,3.409,2016,Middle East and Northern Africa,38,6.355,6.227,6.483,1.0527,0.8331,0.618,0.2101,0.1616,0.0704,3.409,2017,Middle East and Northern Africa,38,6.355,6.227,6.483,1.0527,0.8331,0.618,0.2101,0.1616,0.0704,3.409,2018,Middle East and Northern Africa,38,6.355,6.227,6.483,1.0527,0.8331,0.618,0.2101,0.1616,0.0704,3.409,2019,Middle East and Northern Africa,38,6.355,6.227,6.483,1.0527,0.8331,0.618,0.2101,0.1616,0.0704,3.409,2020
67,Kosovo,Central and Eastern Europe,69,5.589,0.0502,0.8015,0.812,0.6313,0.2475,0.0474,0.2831,2.7658,2015,Central and Eastern Europe,77,5.401,5.308,5.494,0.9014,0.6606,0.54,0.144,0.0655,0.2799,2.81,2016,Central and Eastern Europe,77,5.401,5.308,5.494,0.9014,0.6606,0.54,0.144,0.0655,0.2799,2.81,2017,Central and Eastern Europe,77,5.401,5.308,5.494,0.9014,0.6606,0.54,0.144,0.0655,0.2799,2.81,2018,Central and Eastern Europe,77,5.401,5.308,5.494,0.9014,0.6606,0.54,0.144,0.0655,0.2799,2.81,2019,Central and Eastern Europe,77,5.401,5.308,5.494,0.9014,0.6606,0.54,0.144,0.0655,0.2799,2.81,2020
68,Turkmenistan,Central and Eastern Europe,70,5.548,0.0418,0.9585,1.2267,0.5389,0.4761,0.3084,0.1698,1.8698,2015,Central and Eastern Europe,65,5.658,5.58,5.736,1.0802,1.0382,0.4401,0.3741,0.2847,0.2257,2.2149,2016,Central and Eastern Europe,65,5.658,5.58,5.736,1.0802,1.0382,0.4401,0.3741,0.2847,0.2257,2.2149,2017,Central and Eastern Europe,65,5.658,5.58,5.736,1.0802,1.0382,0.4401,0.3741,0.2847,0.2257,2.2149,2018,Central and Eastern Europe,65,5.658,5.58,5.736,1.0802,1.0382,0.4401,0.3741,0.2847,0.2257,2.2149,2019,Central and Eastern Europe,65,5.658,5.58,5.736,1.0802,1.0382,0.4401,0.3741,0.2847,0.2257,2.2149,2020
69,Mauritius,Sub-Saharan Africa,71,5.477,0.072,1.0076,0.9852,0.7095,0.5607,0.0752,0.3774,1.7614,2015,Sub-Saharan Africa,66,5.648,5.507,5.789,1.1437,0.757,0.6619,0.4614,0.052,0.3695,2.2022,2016,Sub-Saharan Africa,66,5.648,5.507,5.789,1.1437,0.757,0.6619,0.4614,0.052,0.3695,2.2022,2017,Sub-Saharan Africa,66,5.648,5.507,5.789,1.1437,0.757,0.6619,0.4614,0.052,0.3695,2.2022,2018,Sub-Saharan Africa,66,5.648,5.507,5.789,1.1437,0.757,0.6619,0.4614,0.052,0.3695,2.2022,2019,Sub-Saharan Africa,66,5.648,5.507,5.789,1.1437,0.757,0.6619,0.4614,0.052,0.3695,2.2022,2020
70,Hong Kong,Eastern Asia,72,5.474,0.0505,1.386,1.0582,1.0133,0.5961,0.3712,0.3948,0.6543,2015,Eastern Asia,75,5.458,5.362,5.554,1.5107,0.8702,0.9528,0.4808,0.3165,0.401,0.9261,2016,Eastern Asia,75,5.458,5.362,5.554,1.5107,0.8702,0.9528,0.4808,0.3165,0.401,0.9261,2017,Eastern Asia,75,5.458,5.362,5.554,1.5107,0.8702,0.9528,0.4808,0.3165,0.401,0.9261,2018,Eastern Asia,75,5.458,5.362,5.554,1.5107,0.8702,0.9528,0.4808,0.3165,0.401,0.9261,2019,Eastern Asia,75,5.458,5.362,5.554,1.5107,0.8702,0.9528,0.4808,0.3165,0.401,0.9261,2020
71,Estonia,Central and Eastern Europe,73,5.429,0.0401,1.1517,1.2279,0.7736,0.4489,0.1518,0.0868,1.5878,2015,Central and Eastern Europe,72,5.517,5.437,5.597,1.2796,1.0516,0.681,0.4151,0.1852,0.0842,1.8198,2016,Central and Eastern Europe,72,5.517,5.437,5.597,1.2796,1.0516,0.681,0.4151,0.1852,0.0842,1.8198,2017,Central and Eastern Europe,72,5.517,5.437,5.597,1.2796,1.0516,0.681,0.4151,0.1852,0.0842,1.8198,2018,Central and Eastern Europe,72,5.517,5.437,5.597,1.2796,1.0516,0.681,0.4151,0.1852,0.0842,1.8198,2019,Central and Eastern Europe,72,5.517,5.437,5.597,1.2796,1.0516,0.681,0.4151,0.1852,0.0842,1.8198,2020
72,Indonesia,Southeastern Asia,74,5.399,0.026,0.8283,1.0871,0.6379,0.4661,0.0,0.5154,1.864,2015,Southeastern Asia,79,5.314,5.237,5.391,0.951,0.8762,0.4937,0.3924,0.0032,0.5652,2.0317,2016,Southeastern Asia,79,5.314,5.237,5.391,0.951,0.8762,0.4937,0.3924,0.0032,0.5652,2.0317,2017,Southeastern Asia,79,5.314,5.237,5.391,0.951,0.8762,0.4937,0.3924,0.0032,0.5652,2.0317,2018,Southeastern Asia,79,5.314,5.237,5.391,0.951,0.8762,0.4937,0.3924,0.0032,0.5652,2.0317,2019,Southeastern Asia,79,5.314,5.237,5.391,0.951,0.8762,0.4937,0.3924,0.0032,0.5652,2.0317,2020
73,Vietnam,Southeastern Asia,75,5.36,0.0311,0.6322,0.9123,0.7468,0.5944,0.1044,0.1686,2.2017,2015,Southeastern Asia,96,5.061,4.991,5.131,0.7404,0.7912,0.6616,0.5595,0.1156,0.2507,1.9418,2016,Southeastern Asia,96,5.061,4.991,5.131,0.7404,0.7912,0.6616,0.5595,0.1156,0.2507,1.9418,2017,Southeastern Asia,96,5.061,4.991,5.131,0.7404,0.7912,0.6616,0.5595,0.1156,0.2507,1.9418,2018,Southeastern Asia,96,5.061,4.991,5.131,0.7404,0.7912,0.6616,0.5595,0.1156,0.2507,1.9418,2019,Southeastern Asia,96,5.061,4.991,5.131,0.7404,0.7912,0.6616,0.5595,0.1156,0.2507,1.9418,2020
74,Turkey,Middle East and Northern Africa,76,5.332,0.0386,1.061,0.9463,0.7317,0.2282,0.1575,0.1225,2.0853,2015,Middle East and Northern Africa,78,5.389,5.295,5.483,1.1649,0.8772,0.6472,0.2389,0.1235,0.0471,2.2907,2016,Middle East and Northern Africa,78,5.389,5.295,5.483,1.1649,0.8772,0.6472,0.2389,0.1235,0.0471,2.2907,2017,Middle East and Northern Africa,78,5.389,5.295,5.483,1.1649,0.8772,0.6472,0.2389,0.1235,0.0471,2.2907,2018,Middle East and Northern Africa,78,5.389,5.295,5.483,1.1649,0.8772,0.6472,0.2389,0.1235,0.0471,2.2907,2019,Middle East and Northern Africa,78,5.389,5.295,5.483,1.1649,0.8772,0.6472,0.2389,0.1235,0.0471,2.2907,2020
75,Kyrgyzstan,Central and Eastern Europe,77,5.286,0.0382,0.4743,1.1511,0.6509,0.4348,0.0423,0.3003,2.2327,2015,Central and Eastern Europe,85,5.185,5.103,5.267,0.5604,0.9543,0.5545,0.4021,0.0476,0.3843,2.2814,2016,Central and Eastern Europe,85,5.185,5.103,5.267,0.5604,0.9543,0.5545,0.4021,0.0476,0.3843,2.2814,2017,Central and Eastern Europe,85,5.185,5.103,5.267,0.5604,0.9543,0.5545,0.4021,0.0476,0.3843,2.2814,2018,Central and Eastern Europe,85,5.185,5.103,5.267,0.5604,0.9543,0.5545,0.4021,0.0476,0.3843,2.2814,2019,Central and Eastern Europe,85,5.185,5.103,5.267,0.5604,0.9543,0.5545,0.4021,0.0476,0.3843,2.2814,2020
76,Nigeria,Sub-Saharan Africa,78,5.268,0.0419,0.6544,0.9043,0.1601,0.3433,0.0403,0.2723,2.8932,2015,Sub-Saharan Africa,103,4.875,4.75,5.0,0.7522,0.645,0.0511,0.2785,0.0305,0.2322,2.8859,2016,Sub-Saharan Africa,103,4.875,4.75,5.0,0.7522,0.645,0.0511,0.2785,0.0305,0.2322,2.8859,2017,Sub-Saharan Africa,103,4.875,4.75,5.0,0.7522,0.645,0.0511,0.2785,0.0305,0.2322,2.8859,2018,Sub-Saharan Africa,103,4.875,4.75,5.0,0.7522,0.645,0.0511,0.2785,0.0305,0.2322,2.8859,2019,Sub-Saharan Africa,103,4.875,4.75,5.0,0.7522,0.645,0.0511,0.2785,0.0305,0.2322,2.8859,2020
77,Bhutan,Southern Asia,79,5.253,0.0322,0.7704,1.104,0.5741,0.5321,0.1544,0.48,1.6379,2015,Southern Asia,84,5.196,5.138,5.254,0.8527,0.9084,0.4976,0.4607,0.1616,0.4855,1.8292,2016,Southern Asia,84,5.196,5.138,5.254,0.8527,0.9084,0.4976,0.4607,0.1616,0.4855,1.8292,2017,Southern Asia,84,5.196,5.138,5.254,0.8527,0.9084,0.4976,0.4607,0.1616,0.4855,1.8292,2018,Southern Asia,84,5.196,5.138,5.254,0.8527,0.9084,0.4976,0.4607,0.1616,0.4855,1.8292,2019,Southern Asia,84,5.196,5.138,5.254,0.8527,0.9084,0.4976,0.4607,0.1616,0.4855,1.8292,2020
78,Azerbaijan,Central and Eastern Europe,80,5.212,0.0336,1.0239,0.9379,0.6404,0.3703,0.1606,0.078,2.0007,2015,Central and Eastern Europe,81,5.291,5.226,5.356,1.1237,0.7604,0.545,0.3533,0.1791,0.0564,2.2735,2016,Central and Eastern Europe,81,5.291,5.226,5.356,1.1237,0.7604,0.545,0.3533,0.1791,0.0564,2.2735,2017,Central and Eastern Europe,81,5.291,5.226,5.356,1.1237,0.7604,0.545,0.3533,0.1791,0.0564,2.2735,2018,Central and Eastern Europe,81,5.291,5.226,5.356,1.1237,0.7604,0.545,0.3533,0.1791,0.0564,2.2735,2019,Central and Eastern Europe,81,5.291,5.226,5.356,1.1237,0.7604,0.545,0.3533,0.1791,0.0564,2.2735,2020
79,Pakistan,Southern Asia,81,5.194,0.0373,0.5954,0.4141,0.5147,0.121,0.1046,0.3367,3.1071,2015,Southern Asia,92,5.132,5.038,5.226,0.6882,0.2614,0.4031,0.1462,0.1388,0.3118,3.1829,2016,Southern Asia,92,5.132,5.038,5.226,0.6882,0.2614,0.4031,0.1462,0.1388,0.3118,3.1829,2017,Southern Asia,92,5.132,5.038,5.226,0.6882,0.2614,0.4031,0.1462,0.1388,0.3118,3.1829,2018,Southern Asia,92,5.132,5.038,5.226,0.6882,0.2614,0.4031,0.1462,0.1388,0.3118,3.1829,2019,Southern Asia,92,5.132,5.038,5.226,0.6882,0.2614,0.4031,0.1462,0.1388,0.3118,3.1829,2020
80,Jordan,Middle East and Northern Africa,82,5.192,0.0452,0.902,1.0539,0.6964,0.4066,0.1429,0.1105,1.88,2015,Middle East and Northern Africa,80,5.303,5.187,5.419,0.9967,0.8622,0.6071,0.3602,0.133,0.1426,2.2014,2016,Middle East and Northern Africa,80,5.303,5.187,5.419,0.9967,0.8622,0.6071,0.3602,0.133,0.1426,2.2014,2017,Middle East and Northern Africa,80,5.303,5.187,5.419,0.9967,0.8622,0.6071,0.3602,0.133,0.1426,2.2014,2018,Middle East and Northern Africa,80,5.303,5.187,5.419,0.9967,0.8622,0.6071,0.3602,0.133,0.1426,2.2014,2019,Middle East and Northern Africa,80,5.303,5.187,5.419,0.9967,0.8622,0.6071,0.3602,0.133,0.1426,2.2014,2020
81,Montenegro,Central and Eastern Europe,82,5.192,0.0524,0.9744,0.9056,0.7252,0.1826,0.143,0.1614,2.1002,2015,Central and Eastern Europe,88,5.161,5.055,5.267,1.0784,0.7417,0.6353,0.1511,0.1272,0.1719,2.2553,2016,Central and Eastern Europe,88,5.161,5.055,5.267,1.0784,0.7417,0.6353,0.1511,0.1272,0.1719,2.2553,2017,Central and Eastern Europe,88,5.161,5.055,5.267,1.0784,0.7417,0.6353,0.1511,0.1272,0.1719,2.2553,2018,Central and Eastern Europe,88,5.161,5.055,5.267,1.0784,0.7417,0.6353,0.1511,0.1272,0.1719,2.2553,2019,Central and Eastern Europe,88,5.161,5.055,5.267,1.0784,0.7417,0.6353,0.1511,0.1272,0.1719,2.2553,2020
82,China,Eastern Asia,84,5.14,0.0242,0.8901,0.9468,0.8166,0.517,0.0278,0.0819,1.8604,2015,Eastern Asia,83,5.245,5.199,5.291,1.0278,0.7938,0.7356,0.4401,0.0274,0.0496,2.1709,2016,Eastern Asia,83,5.245,5.199,5.291,1.0278,0.7938,0.7356,0.4401,0.0274,0.0496,2.1709,2017,Eastern Asia,83,5.245,5.199,5.291,1.0278,0.7938,0.7356,0.4401,0.0274,0.0496,2.1709,2018,Eastern Asia,83,5.245,5.199,5.291,1.0278,0.7938,0.7356,0.4401,0.0274,0.0496,2.1709,2019,Eastern Asia,83,5.245,5.199,5.291,1.0278,0.7938,0.7356,0.4401,0.0274,0.0496,2.1709,2020
83,Zambia,Sub-Saharan Africa,85,5.129,0.0699,0.4704,0.9161,0.2992,0.4883,0.1247,0.1959,2.6343,2015,Sub-Saharan Africa,106,4.795,4.645,4.945,0.612,0.6376,0.2357,0.4266,0.1148,0.1787,2.5899,2016,Sub-Saharan Africa,106,4.795,4.645,4.945,0.612,0.6376,0.2357,0.4266,0.1148,0.1787,2.5899,2017,Sub-Saharan Africa,106,4.795,4.645,4.945,0.612,0.6376,0.2357,0.4266,0.1148,0.1787,2.5899,2018,Sub-Saharan Africa,106,4.795,4.645,4.945,0.612,0.6376,0.2357,0.4266,0.1148,0.1787,2.5899,2019,Sub-Saharan Africa,106,4.795,4.645,4.945,0.612,0.6376,0.2357,0.4266,0.1148,0.1787,2.5899,2020
84,Romania,Central and Eastern Europe,86,5.124,0.0661,1.0434,0.8859,0.7689,0.3507,0.0065,0.1375,1.9313,2015,Central and Eastern Europe,71,5.528,5.427,5.629,1.1697,0.728,0.676,0.3671,0.0068,0.1289,2.4518,2016,Central and Eastern Europe,71,5.528,5.427,5.629,1.1697,0.728,0.676,0.3671,0.0068,0.1289,2.4518,2017,Central and Eastern Europe,71,5.528,5.427,5.629,1.1697,0.728,0.676,0.3671,0.0068,0.1289,2.4518,2018,Central and Eastern Europe,71,5.528,5.427,5.629,1.1697,0.728,0.676,0.3671,0.0068,0.1289,2.4518,2019,Central and Eastern Europe,71,5.528,5.427,5.629,1.1697,0.728,0.676,0.3671,0.0068,0.1289,2.4518,2020
85,Serbia,Central and Eastern Europe,87,5.123,0.0486,0.9205,1.0096,0.7484,0.2011,0.0262,0.1923,2.025,2015,Central and Eastern Europe,86,5.177,5.083,5.271,1.0344,0.8133,0.6458,0.1572,0.0434,0.2074,2.2754,2016,Central and Eastern Europe,86,5.177,5.083,5.271,1.0344,0.8133,0.6458,0.1572,0.0434,0.2074,2.2754,2017,Central and Eastern Europe,86,5.177,5.083,5.271,1.0344,0.8133,0.6458,0.1572,0.0434,0.2074,2.2754,2018,Central and Eastern Europe,86,5.177,5.083,5.271,1.0344,0.8133,0.6458,0.1572,0.0434,0.2074,2.2754,2019,Central and Eastern Europe,86,5.177,5.083,5.271,1.0344,0.8133,0.6458,0.1572,0.0434,0.2074,2.2754,2020
86,Portugal,Western Europe,88,5.102,0.048,1.1599,1.1394,0.8752,0.5147,0.0108,0.1372,1.2646,2015,Western Europe,94,5.123,5.03,5.216,1.2761,0.9437,0.7936,0.4473,0.0152,0.1169,1.5301,2016,Western Europe,94,5.123,5.03,5.216,1.2761,0.9437,0.7936,0.4473,0.0152,0.1169,1.5301,2017,Western Europe,94,5.123,5.03,5.216,1.2761,0.9437,0.7936,0.4473,0.0152,0.1169,1.5301,2018,Western Europe,94,5.123,5.03,5.216,1.2761,0.9437,0.7936,0.4473,0.0152,0.1169,1.5301,2019,Western Europe,94,5.123,5.03,5.216,1.2761,0.9437,0.7936,0.4473,0.0152,0.1169,1.5301,2020
87,Latvia,Central and Eastern Europe,89,5.098,0.0464,1.1131,1.0956,0.7244,0.2967,0.0633,0.1823,1.6222,2015,Central and Eastern Europe,68,5.56,5.486,5.634,1.2179,0.9502,0.6395,0.28,0.0889,0.1744,2.2086,2016,Central and Eastern Europe,68,5.56,5.486,5.634,1.2179,0.9502,0.6395,0.28,0.0889,0.1744,2.2086,2017,Central and Eastern Europe,68,5.56,5.486,5.634,1.2179,0.9502,0.6395,0.28,0.0889,0.1744,2.2086,2018,Central and Eastern Europe,68,5.56,5.486,5.634,1.2179,0.9502,0.6395,0.28,0.0889,0.1744,2.2086,2019,Central and Eastern Europe,68,5.56,5.486,5.634,1.2179,0.9502,0.6395,0.28,0.0889,0.1744,2.2086,2020
88,Philippines,Southeastern Asia,90,5.073,0.0493,0.7053,1.0352,0.5811,0.6254,0.1228,0.2499,1.7536,2015,Southeastern Asia,82,5.279,5.16,5.398,0.8122,0.8788,0.4704,0.5485,0.1176,0.2167,2.2348,2016,Southeastern Asia,82,5.279,5.16,5.398,0.8122,0.8788,0.4704,0.5485,0.1176,0.2167,2.2348,2017,Southeastern Asia,82,5.279,5.16,5.398,0.8122,0.8788,0.4704,0.5485,0.1176,0.2167,2.2348,2018,Southeastern Asia,82,5.279,5.16,5.398,0.8122,0.8788,0.4704,0.5485,0.1176,0.2167,2.2348,2019,Southeastern Asia,82,5.279,5.16,5.398,0.8122,0.8788,0.4704,0.5485,0.1176,0.2167,2.2348,2020
89,Morocco,Middle East and Northern Africa,92,5.013,0.0342,0.7348,0.641,0.6095,0.4169,0.0855,0.0717,2.4537,2015,Middle East and Northern Africa,90,5.151,5.058,5.244,0.8406,0.386,0.5947,0.2565,0.084,0.0405,2.9489,2016,Middle East and Northern Africa,90,5.151,5.058,5.244,0.8406,0.386,0.5947,0.2565,0.084,0.0405,2.9489,2017,Middle East and Northern Africa,90,5.151,5.058,5.244,0.8406,0.386,0.5947,0.2565,0.084,0.0405,2.9489,2018,Middle East and Northern Africa,90,5.151,5.058,5.244,0.8406,0.386,0.5947,0.2565,0.084,0.0405,2.9489,2019,Middle East and Northern Africa,90,5.151,5.058,5.244,0.8406,0.386,0.5947,0.2565,0.084,0.0405,2.9489,2020
90,Macedonia,Central and Eastern Europe,93,5.007,0.0538,0.9185,1.0023,0.7355,0.3346,0.0533,0.2236,1.7393,2015,Central and Eastern Europe,95,5.121,5.017,5.225,1.0193,0.7824,0.6474,0.2767,0.0705,0.2351,2.0895,2016,Central and Eastern Europe,95,5.121,5.017,5.225,1.0193,0.7824,0.6474,0.2767,0.0705,0.2351,2.0895,2017,Central and Eastern Europe,95,5.121,5.017,5.225,1.0193,0.7824,0.6474,0.2767,0.0705,0.2351,2.0895,2018,Central and Eastern Europe,95,5.121,5.017,5.225,1.0193,0.7824,0.6474,0.2767,0.0705,0.2351,2.0895,2019,Central and Eastern Europe,95,5.121,5.017,5.225,1.0193,0.7824,0.6474,0.2767,0.0705,0.2351,2.0895,2020
91,Albania,Central and Eastern Europe,95,4.959,0.0501,0.8787,0.8043,0.8132,0.3573,0.0641,0.1427,1.8989,2015,Central and Eastern Europe,109,4.655,4.546,4.764,0.9553,0.5016,0.7301,0.3187,0.053,0.1684,1.9282,2016,Central and Eastern Europe,109,4.655,4.546,4.764,0.9553,0.5016,0.7301,0.3187,0.053,0.1684,1.9282,2017,Central and Eastern Europe,109,4.655,4.546,4.764,0.9553,0.5016,0.7301,0.3187,0.053,0.1684,1.9282,2018,Central and Eastern Europe,109,4.655,4.546,4.764,0.9553,0.5016,0.7301,0.3187,0.053,0.1684,1.9282,2019,Central and Eastern Europe,109,4.655,4.546,4.764,0.9553,0.5016,0.7301,0.3187,0.053,0.1684,1.9282,2020
92,Bosnia and Herzegovina,Central and Eastern Europe,96,4.949,0.0691,0.8322,0.9192,0.7908,0.0924,0.0023,0.2481,2.0637,2015,Central and Eastern Europe,87,5.163,5.063,5.263,0.9338,0.6437,0.7077,0.0951,0.0,0.2989,2.4841,2016,Central and Eastern Europe,87,5.163,5.063,5.263,0.9338,0.6437,0.7077,0.0951,0.0,0.2989,2.4841,2017,Central and Eastern Europe,87,5.163,5.063,5.263,0.9338,0.6437,0.7077,0.0951,0.0,0.2989,2.4841,2018,Central and Eastern Europe,87,5.163,5.063,5.263,0.9338,0.6437,0.7077,0.0951,0.0,0.2989,2.4841,2019,Central and Eastern Europe,87,5.163,5.063,5.263,0.9338,0.6437,0.7077,0.0951,0.0,0.2989,2.4841,2020
93,Dominican Republic,Latin America and Caribbean,98,4.885,0.0745,0.8954,1.172,0.6682,0.5767,0.1423,0.2168,1.213,2015,Latin America and Caribbean,89,5.155,5.037,5.273,1.0279,0.995,0.5767,0.5226,0.1237,0.2129,1.6963,2016,Latin America and Caribbean,89,5.155,5.037,5.273,1.0279,0.995,0.5767,0.5226,0.1237,0.2129,1.6963,2017,Latin America and Caribbean,89,5.155,5.037,5.273,1.0279,0.995,0.5767,0.5226,0.1237,0.2129,1.6963,2018,Latin America and Caribbean,89,5.155,5.037,5.273,1.0279,0.995,0.5767,0.5226,0.1237,0.2129,1.6963,2019,Latin America and Caribbean,89,5.155,5.037,5.273,1.0279,0.995,0.5767,0.5226,0.1237,0.2129,1.6963,2020
94,Laos,Southeastern Asia,99,4.876,0.067,0.5907,0.738,0.5491,0.5959,0.2425,0.4219,1.738,2015,Southeastern Asia,102,4.876,4.742,5.01,0.6804,0.5497,0.3829,0.5217,0.2242,0.4308,2.0864,2016,Southeastern Asia,102,4.876,4.742,5.01,0.6804,0.5497,0.3829,0.5217,0.2242,0.4308,2.0864,2017,Southeastern Asia,102,4.876,4.742,5.01,0.6804,0.5497,0.3829,0.5217,0.2242,0.4308,2.0864,2018,Southeastern Asia,102,4.876,4.742,5.01,0.6804,0.5497,0.3829,0.5217,0.2242,0.4308,2.0864,2019,Southeastern Asia,102,4.876,4.742,5.01,0.6804,0.5497,0.3829,0.5217,0.2242,0.4308,2.0864,2020
95,Mongolia,Eastern Asia,100,4.874,0.0331,0.8282,1.3006,0.6027,0.4363,0.0267,0.3323,1.3476,2015,Eastern Asia,101,4.907,4.838,4.976,0.9885,1.0898,0.5547,0.3597,0.0328,0.3454,1.5359,2016,Eastern Asia,101,4.907,4.838,4.976,0.9885,1.0898,0.5547,0.3597,0.0328,0.3454,1.5359,2017,Eastern Asia,101,4.907,4.838,4.976,0.9885,1.0898,0.5547,0.3597,0.0328,0.3454,1.5359,2018,Eastern Asia,101,4.907,4.838,4.976,0.9885,1.0898,0.5547,0.3597,0.0328,0.3454,1.5359,2019,Eastern Asia,101,4.907,4.838,4.976,0.9885,1.0898,0.5547,0.3597,0.0328,0.3454,1.5359,2020
96,Greece,Western Europe,102,4.857,0.0506,1.1541,0.9293,0.8821,0.077,0.014,0.0,1.801,2015,Western Europe,99,5.033,4.935,5.131,1.2489,0.7547,0.8003,0.0582,0.0413,0.0,2.1294,2016,Western Europe,99,5.033,4.935,5.131,1.2489,0.7547,0.8003,0.0582,0.0413,0.0,2.1294,2017,Western Europe,99,5.033,4.935,5.131,1.2489,0.7547,0.8003,0.0582,0.0413,0.0,2.1294,2018,Western Europe,99,5.033,4.935,5.131,1.2489,0.7547,0.8003,0.0582,0.0413,0.0,2.1294,2019,Western Europe,99,5.033,4.935,5.131,1.2489,0.7547,0.8003,0.0582,0.0413,0.0,2.1294,2020
97,Lebanon,Middle East and Northern Africa,103,4.839,0.0434,1.0256,0.8,0.8395,0.3392,0.0458,0.2185,1.5706,2015,Middle East and Northern Africa,93,5.129,5.031,5.227,1.1227,0.6418,0.7617,0.2623,0.0306,0.2369,2.0734,2016,Middle East and Northern Africa,93,5.129,5.031,5.227,1.1227,0.6418,0.7617,0.2623,0.0306,0.2369,2.0734,2017,Middle East and Northern Africa,93,5.129,5.031,5.227,1.1227,0.6418,0.7617,0.2623,0.0306,0.2369,2.0734,2018,Middle East and Northern Africa,93,5.129,5.031,5.227,1.1227,0.6418,0.7617,0.2623,0.0306,0.2369,2.0734,2019,Middle East and Northern Africa,93,5.129,5.031,5.227,1.1227,0.6418,0.7617,0.2623,0.0306,0.2369,2.0734,2020
98,Hungary,Central and Eastern Europe,104,4.8,0.0611,1.1209,1.2022,0.759,0.3211,0.0276,0.128,1.2407,2015,Central and Eastern Europe,91,5.145,5.056,5.234,1.2414,0.9316,0.6761,0.1977,0.0447,0.099,1.9547,2016,Central and Eastern Europe,91,5.145,5.056,5.234,1.2414,0.9316,0.6761,0.1977,0.0447,0.099,1.9547,2017,Central and Eastern Europe,91,5.145,5.056,5.234,1.2414,0.9316,0.6761,0.1977,0.0447,0.099,1.9547,2018,Central and Eastern Europe,91,5.145,5.056,5.234,1.2414,0.9316,0.6761,0.1977,0.0447,0.099,1.9547,2019,Central and Eastern Europe,91,5.145,5.056,5.234,1.2414,0.9316,0.6761,0.1977,0.0447,0.099,1.9547,2020
99,Honduras,Latin America and Caribbean,105,4.788,0.0565,0.5953,0.9535,0.6951,0.4015,0.0682,0.2303,1.8441,2015,Latin America and Caribbean,104,4.871,4.75,4.992,0.6943,0.756,0.5838,0.2676,0.0691,0.2044,2.2955,2016,Latin America and Caribbean,104,4.871,4.75,4.992,0.6943,0.756,0.5838,0.2676,0.0691,0.2044,2.2955,2017,Latin America and Caribbean,104,4.871,4.75,4.992,0.6943,0.756,0.5838,0.2676,0.0691,0.2044,2.2955,2018,Latin America and Caribbean,104,4.871,4.75,4.992,0.6943,0.756,0.5838,0.2676,0.0691,0.2044,2.2955,2019,Latin America and Caribbean,104,4.871,4.75,4.992,0.6943,0.756,0.5838,0.2676,0.0691,0.2044,2.2955,2020
100,Tajikistan,Central and Eastern Europe,106,4.786,0.032,0.3905,0.8556,0.5738,0.4722,0.1507,0.2297,2.114,2015,Central and Eastern Europe,100,4.996,4.923,5.069,0.4884,0.756,0.5312,0.4341,0.1351,0.26,2.3911,2016,Central and Eastern Europe,100,4.996,4.923,5.069,0.4884,0.756,0.5312,0.4341,0.1351,0.26,2.3911,2017,Central and Eastern Europe,100,4.996,4.923,5.069,0.4884,0.756,0.5312,0.4341,0.1351,0.26,2.3911,2018,Central and Eastern Europe,100,4.996,4.923,5.069,0.4884,0.756,0.5312,0.4341,0.1351,0.26,2.3911,2019,Central and Eastern Europe,100,4.996,4.923,5.069,0.4884,0.756,0.5312,0.4341,0.1351,0.26,2.3911,2020
101,Tunisia,Middle East and Northern Africa,107,4.739,0.0359,0.8811,0.6043,0.7379,0.2627,0.0636,0.0643,2.1247,2015,Middle East and Northern Africa,98,5.045,4.965,5.125,0.9772,0.4316,0.5958,0.2355,0.0817,0.0394,2.6841,2016,Middle East and Northern Africa,98,5.045,4.965,5.125,0.9772,0.4316,0.5958,0.2355,0.0817,0.0394,2.6841,2017,Middle East and Northern Africa,98,5.045,4.965,5.125,0.9772,0.4316,0.5958,0.2355,0.0817,0.0394,2.6841,2018,Middle East and Northern Africa,98,5.045,4.965,5.125,0.9772,0.4316,0.5958,0.2355,0.0817,0.0394,2.6841,2019,Middle East and Northern Africa,98,5.045,4.965,5.125,0.9772,0.4316,0.5958,0.2355,0.0817,0.0394,2.6841,2020
102,Palestinian Territories,Middle East and Northern Africa,108,4.715,0.0439,0.5987,0.9256,0.6602,0.245,0.129,0.1125,2.0438,2015,Middle East and Northern Africa,108,4.754,4.649,4.859,0.6702,0.7163,0.5684,0.1774,0.1061,0.1115,2.4036,2016,Middle East and Northern Africa,108,4.754,4.649,4.859,0.6702,0.7163,0.5684,0.1774,0.1061,0.1115,2.4036,2017,Middle East and Northern Africa,108,4.754,4.649,4.859,0.6702,0.7163,0.5684,0.1774,0.1061,0.1115,2.4036,2018,Middle East and Northern Africa,108,4.754,4.649,4.859,0.6702,0.7163,0.5684,0.1774,0.1061,0.1115,2.4036,2019,Middle East and Northern Africa,108,4.754,4.649,4.859,0.6702,0.7163,0.5684,0.1774,0.1061,0.1115,2.4036,2020
103,Bangladesh,Southern Asia,109,4.694,0.0308,0.3975,0.4311,0.6016,0.4082,0.1257,0.2122,2.5177,2015,Southern Asia,110,4.643,4.56,4.726,0.5418,0.2475,0.5299,0.3978,0.1258,0.1913,2.609,2016,Southern Asia,110,4.643,4.56,4.726,0.5418,0.2475,0.5299,0.3978,0.1258,0.1913,2.609,2017,Southern Asia,110,4.643,4.56,4.726,0.5418,0.2475,0.5299,0.3978,0.1258,0.1913,2.609,2018,Southern Asia,110,4.643,4.56,4.726,0.5418,0.2475,0.5299,0.3978,0.1258,0.1913,2.609,2019,Southern Asia,110,4.643,4.56,4.726,0.5418,0.2475,0.5299,0.3978,0.1258,0.1913,2.609,2020
104,Iran,Middle East and Northern Africa,110,4.686,0.0445,1.0088,0.5445,0.698,0.3003,0.0586,0.3809,1.6944,2015,Middle East and Northern Africa,105,4.813,4.703,4.923,1.1176,0.3886,0.6423,0.2254,0.0557,0.3854,1.9982,2016,Middle East and Northern Africa,105,4.813,4.703,4.923,1.1176,0.3886,0.6423,0.2254,0.0557,0.3854,1.9982,2017,Middle East and Northern Africa,105,4.813,4.703,4.923,1.1176,0.3886,0.6423,0.2254,0.0557,0.3854,1.9982,2018,Middle East and Northern Africa,105,4.813,4.703,4.923,1.1176,0.3886,0.6423,0.2254,0.0557,0.3854,1.9982,2019,Middle East and Northern Africa,105,4.813,4.703,4.923,1.1176,0.3886,0.6423,0.2254,0.0557,0.3854,1.9982,2020
105,Ukraine,Central and Eastern Europe,111,4.681,0.0441,0.7991,1.2028,0.6739,0.2512,0.0296,0.1528,1.5714,2015,Central and Eastern Europe,123,4.324,4.236,4.412,0.8729,1.0141,0.5863,0.1286,0.0183,0.2036,1.5007,2016,Central and Eastern Europe,123,4.324,4.236,4.412,0.8729,1.0141,0.5863,0.1286,0.0183,0.2036,1.5007,2017,Central and Eastern Europe,123,4.324,4.236,4.412,0.8729,1.0141,0.5863,0.1286,0.0183,0.2036,1.5007,2018,Central and Eastern Europe,123,4.324,4.236,4.412,0.8729,1.0141,0.5863,0.1286,0.0183,0.2036,1.5007,2019,Central and Eastern Europe,123,4.324,4.236,4.412,0.8729,1.0141,0.5863,0.1286,0.0183,0.2036,1.5007,2020
106,Iraq,Middle East and Northern Africa,112,4.677,0.0523,0.9855,0.8189,0.6024,0.0,0.1379,0.1792,1.9534,2015,Middle East and Northern Africa,112,4.575,4.446,4.704,1.0747,0.592,0.5108,0.2486,0.1364,0.1959,1.8166,2016,Middle East and Northern Africa,112,4.575,4.446,4.704,1.0747,0.592,0.5108,0.2486,0.1364,0.1959,1.8166,2017,Middle East and Northern Africa,112,4.575,4.446,4.704,1.0747,0.592,0.5108,0.2486,0.1364,0.1959,1.8166,2018,Middle East and Northern Africa,112,4.575,4.446,4.704,1.0747,0.592,0.5108,0.2486,0.1364,0.1959,1.8166,2019,Middle East and Northern Africa,112,4.575,4.446,4.704,1.0747,0.592,0.5108,0.2486,0.1364,0.1959,1.8166,2020
107,South Africa,Sub-Saharan Africa,113,4.642,0.0458,0.9205,1.1847,0.2769,0.3321,0.0888,0.1197,1.7196,2015,Sub-Saharan Africa,116,4.459,4.371,4.547,1.0242,0.9605,0.1861,0.4248,0.0842,0.1366,1.6423,2016,Sub-Saharan Africa,116,4.459,4.371,4.547,1.0242,0.9605,0.1861,0.4248,0.0842,0.1366,1.6423,2017,Sub-Saharan Africa,116,4.459,4.371,4.547,1.0242,0.9605,0.1861,0.4248,0.0842,0.1366,1.6423,2018,Sub-Saharan Africa,116,4.459,4.371,4.547,1.0242,0.9605,0.1861,0.4248,0.0842,0.1366,1.6423,2019,Sub-Saharan Africa,116,4.459,4.371,4.547,1.0242,0.9605,0.1861,0.4248,0.0842,0.1366,1.6423,2020
108,Ghana,Sub-Saharan Africa,114,4.633,0.0474,0.5456,0.6795,0.4013,0.4234,0.0436,0.2309,2.3092,2015,Sub-Saharan Africa,124,4.276,4.185,4.367,0.6311,0.4935,0.2968,0.4097,0.0326,0.212,2.2002,2016,Sub-Saharan Africa,124,4.276,4.185,4.367,0.6311,0.4935,0.2968,0.4097,0.0326,0.212,2.2002,2017,Sub-Saharan Africa,124,4.276,4.185,4.367,0.6311,0.4935,0.2968,0.4097,0.0326,0.212,2.2002,2018,Sub-Saharan Africa,124,4.276,4.185,4.367,0.6311,0.4935,0.2968,0.4097,0.0326,0.212,2.2002,2019,Sub-Saharan Africa,124,4.276,4.185,4.367,0.6311,0.4935,0.2968,0.4097,0.0326,0.212,2.2002,2020
109,Zimbabwe,Sub-Saharan Africa,115,4.61,0.0429,0.271,1.0328,0.3348,0.2586,0.0808,0.1899,2.4419,2015,Sub-Saharan Africa,131,4.193,4.101,4.285,0.3504,0.7148,0.1595,0.2543,0.0858,0.185,2.4427,2016,Sub-Saharan Africa,131,4.193,4.101,4.285,0.3504,0.7148,0.1595,0.2543,0.0858,0.185,2.4427,2017,Sub-Saharan Africa,131,4.193,4.101,4.285,0.3504,0.7148,0.1595,0.2543,0.0858,0.185,2.4427,2018,Sub-Saharan Africa,131,4.193,4.101,4.285,0.3504,0.7148,0.1595,0.2543,0.0858,0.185,2.4427,2019,Sub-Saharan Africa,131,4.193,4.101,4.285,0.3504,0.7148,0.1595,0.2543,0.0858,0.185,2.4427,2020
110,Liberia,Sub-Saharan Africa,116,4.571,0.1107,0.0712,0.7897,0.342,0.2853,0.0623,0.2436,2.7773,2015,Sub-Saharan Africa,150,3.622,3.463,3.781,0.1071,0.5035,0.2316,0.2575,0.0485,0.2406,2.2328,2016,Sub-Saharan Africa,150,3.622,3.463,3.781,0.1071,0.5035,0.2316,0.2575,0.0485,0.2406,2.2328,2017,Sub-Saharan Africa,150,3.622,3.463,3.781,0.1071,0.5035,0.2316,0.2575,0.0485,0.2406,2.2328,2018,Sub-Saharan Africa,150,3.622,3.463,3.781,0.1071,0.5035,0.2316,0.2575,0.0485,0.2406,2.2328,2019,Sub-Saharan Africa,150,3.622,3.463,3.781,0.1071,0.5035,0.2316,0.2575,0.0485,0.2406,2.2328,2020
111,India,Southern Asia,117,4.565,0.0204,0.645,0.3817,0.5153,0.3979,0.0849,0.2648,2.2751,2015,Southern Asia,118,4.404,4.351,4.457,0.7404,0.2925,0.4509,0.4028,0.0872,0.2503,2.1803,2016,Southern Asia,118,4.404,4.351,4.457,0.7404,0.2925,0.4509,0.4028,0.0872,0.2503,2.1803,2017,Southern Asia,118,4.404,4.351,4.457,0.7404,0.2925,0.4509,0.4028,0.0872,0.2503,2.1803,2018,Southern Asia,118,4.404,4.351,4.457,0.7404,0.2925,0.4509,0.4028,0.0872,0.2503,2.1803,2019,Southern Asia,118,4.404,4.351,4.457,0.7404,0.2925,0.4509,0.4028,0.0872,0.2503,2.1803,2020
112,Sudan,Sub-Saharan Africa,118,4.55,0.0674,0.5211,1.014,0.3688,0.1008,0.1466,0.1906,2.2086,2015,Sub-Saharan Africa,133,4.139,3.928,4.35,0.6307,0.8193,0.2976,0.0,0.1004,0.1808,2.11,2016,Sub-Saharan Africa,133,4.139,3.928,4.35,0.6307,0.8193,0.2976,0.0,0.1004,0.1808,2.11,2017,Sub-Saharan Africa,133,4.139,3.928,4.35,0.6307,0.8193,0.2976,0.0,0.1004,0.1808,2.11,2018,Sub-Saharan Africa,133,4.139,3.928,4.35,0.6307,0.8193,0.2976,0.0,0.1004,0.1808,2.11,2019,Sub-Saharan Africa,133,4.139,3.928,4.35,0.6307,0.8193,0.2976,0.0,0.1004,0.1808,2.11,2020
113,Haiti,Latin America and Caribbean,119,4.518,0.0733,0.2667,0.743,0.3885,0.2442,0.1718,0.4619,2.2417,2015,Latin America and Caribbean,136,4.028,3.893,4.163,0.341,0.2956,0.2749,0.1207,0.1448,0.4796,2.3712,2016,Latin America and Caribbean,136,4.028,3.893,4.163,0.341,0.2956,0.2749,0.1207,0.1448,0.4796,2.3712,2017,Latin America and Caribbean,136,4.028,3.893,4.163,0.341,0.2956,0.2749,0.1207,0.1448,0.4796,2.3712,2018,Latin America and Caribbean,136,4.028,3.893,4.163,0.341,0.2956,0.2749,0.1207,0.1448,0.4796,2.3712,2019,Latin America and Caribbean,136,4.028,3.893,4.163,0.341,0.2956,0.2749,0.1207,0.1448,0.4796,2.3712,2020
114,Congo (Kinshasa),Sub-Saharan Africa,120,4.517,0.0368,0.0,1.0012,0.0981,0.226,0.0762,0.2483,2.8671,2015,Sub-Saharan Africa,125,4.272,4.191,4.353,0.0566,0.8068,0.188,0.156,0.0608,0.2546,2.7492,2016,Sub-Saharan Africa,125,4.272,4.191,4.353,0.0566,0.8068,0.188,0.156,0.0608,0.2546,2.7492,2017,Sub-Saharan Africa,125,4.272,4.191,4.353,0.0566,0.8068,0.188,0.156,0.0608,0.2546,2.7492,2018,Sub-Saharan Africa,125,4.272,4.191,4.353,0.0566,0.8068,0.188,0.156,0.0608,0.2546,2.7492,2019,Sub-Saharan Africa,125,4.272,4.191,4.353,0.0566,0.8068,0.188,0.156,0.0608,0.2546,2.7492,2020
115,Nepal,Southern Asia,121,4.514,0.0361,0.36,0.8645,0.5687,0.3828,0.0591,0.323,1.9564,2015,Southern Asia,107,4.793,4.698,4.888,0.4463,0.697,0.5007,0.3701,0.0701,0.3816,2.3269,2016,Southern Asia,107,4.793,4.698,4.888,0.4463,0.697,0.5007,0.3701,0.0701,0.3816,2.3269,2017,Southern Asia,107,4.793,4.698,4.888,0.4463,0.697,0.5007,0.3701,0.0701,0.3816,2.3269,2018,Southern Asia,107,4.793,4.698,4.888,0.4463,0.697,0.5007,0.3701,0.0701,0.3816,2.3269,2019,Southern Asia,107,4.793,4.698,4.888,0.4463,0.697,0.5007,0.3701,0.0701,0.3816,2.3269,2020
116,Ethiopia,Sub-Saharan Africa,122,4.512,0.0378,0.1907,0.6041,0.4406,0.4345,0.1505,0.2432,2.4488,2015,Sub-Saharan Africa,115,4.508,4.425,4.591,0.2928,0.3793,0.3458,0.367,0.1717,0.2952,2.6561,2016,Sub-Saharan Africa,115,4.508,4.425,4.591,0.2928,0.3793,0.3458,0.367,0.1717,0.2952,2.6561,2017,Sub-Saharan Africa,115,4.508,4.425,4.591,0.2928,0.3793,0.3458,0.367,0.1717,0.2952,2.6561,2018,Sub-Saharan Africa,115,4.508,4.425,4.591,0.2928,0.3793,0.3458,0.367,0.1717,0.2952,2.6561,2019,Sub-Saharan Africa,115,4.508,4.425,4.591,0.2928,0.3793,0.3458,0.367,0.1717,0.2952,2.6561,2020
117,Sierra Leone,Sub-Saharan Africa,123,4.507,0.0707,0.3302,0.9557,0.0,0.4084,0.0879,0.2149,2.5101,2015,Sub-Saharan Africa,111,4.635,4.505,4.765,0.3648,0.628,0.0,0.3068,0.082,0.239,3.014,2016,Sub-Saharan Africa,111,4.635,4.505,4.765,0.3648,0.628,0.0,0.3068,0.082,0.239,3.014,2017,Sub-Saharan Africa,111,4.635,4.505,4.765,0.3648,0.628,0.0,0.3068,0.082,0.239,3.014,2018,Sub-Saharan Africa,111,4.635,4.505,4.765,0.3648,0.628,0.0,0.3068,0.082,0.239,3.014,2019,Sub-Saharan Africa,111,4.635,4.505,4.765,0.3648,0.628,0.0,0.3068,0.082,0.239,3.014,2020
118,Mauritania,Sub-Saharan Africa,124,4.436,0.0395,0.4541,0.8691,0.3587,0.2423,0.1746,0.219,2.1177,2015,Sub-Saharan Africa,130,4.201,4.127,4.275,0.6139,0.8414,0.2864,0.1268,0.1795,0.2269,1.9263,2016,Sub-Saharan Africa,130,4.201,4.127,4.275,0.6139,0.8414,0.2864,0.1268,0.1795,0.2269,1.9263,2017,Sub-Saharan Africa,130,4.201,4.127,4.275,0.6139,0.8414,0.2864,0.1268,0.1795,0.2269,1.9263,2018,Sub-Saharan Africa,130,4.201,4.127,4.275,0.6139,0.8414,0.2864,0.1268,0.1795,0.2269,1.9263,2019,Sub-Saharan Africa,130,4.201,4.127,4.275,0.6139,0.8414,0.2864,0.1268,0.1795,0.2269,1.9263,2020
119,Kenya,Sub-Saharan Africa,125,4.419,0.0473,0.3647,0.9988,0.4144,0.4222,0.0584,0.3754,1.7856,2015,Sub-Saharan Africa,122,4.356,4.259,4.453,0.5227,0.7624,0.3015,0.4058,0.0669,0.4133,1.8833,2016,Sub-Saharan Africa,122,4.356,4.259,4.453,0.5227,0.7624,0.3015,0.4058,0.0669,0.4133,1.8833,2017,Sub-Saharan Africa,122,4.356,4.259,4.453,0.5227,0.7624,0.3015,0.4058,0.0669,0.4133,1.8833,2018,Sub-Saharan Africa,122,4.356,4.259,4.453,0.5227,0.7624,0.3015,0.4058,0.0669,0.4133,1.8833,2019,Sub-Saharan Africa,122,4.356,4.259,4.453,0.5227,0.7624,0.3015,0.4058,0.0669,0.4133,1.8833,2020
120,Armenia,Central and Eastern Europe,127,4.35,0.0476,0.7682,0.7771,0.7299,0.1985,0.039,0.0786,1.7587,2015,Central and Eastern Europe,121,4.36,4.266,4.454,0.8609,0.6248,0.6408,0.1404,0.0362,0.0779,1.9786,2016,Central and Eastern Europe,121,4.36,4.266,4.454,0.8609,0.6248,0.6408,0.1404,0.0362,0.0779,1.9786,2017,Central and Eastern Europe,121,4.36,4.266,4.454,0.8609,0.6248,0.6408,0.1404,0.0362,0.0779,1.9786,2018,Central and Eastern Europe,121,4.36,4.266,4.454,0.8609,0.6248,0.6408,0.1404,0.0362,0.0779,1.9786,2019,Central and Eastern Europe,121,4.36,4.266,4.454,0.8609,0.6248,0.6408,0.1404,0.0362,0.0779,1.9786,2020
121,Botswana,Sub-Saharan Africa,128,4.332,0.0493,0.9936,1.1046,0.0478,0.495,0.1247,0.1046,1.4618,2015,Sub-Saharan Africa,137,3.974,3.875,4.073,1.0943,0.8919,0.3475,0.4409,0.1077,0.1242,0.9674,2016,Sub-Saharan Africa,137,3.974,3.875,4.073,1.0943,0.8919,0.3475,0.4409,0.1077,0.1242,0.9674,2017,Sub-Saharan Africa,137,3.974,3.875,4.073,1.0943,0.8919,0.3475,0.4409,0.1077,0.1242,0.9674,2018,Sub-Saharan Africa,137,3.974,3.875,4.073,1.0943,0.8919,0.3475,0.4409,0.1077,0.1242,0.9674,2019,Sub-Saharan Africa,137,3.974,3.875,4.073,1.0943,0.8919,0.3475,0.4409,0.1077,0.1242,0.9674,2020
122,Myanmar,Southeastern Asia,129,4.307,0.0435,0.2711,0.709,0.4825,0.4402,0.1903,0.7959,1.418,2015,Southeastern Asia,119,4.395,4.327,4.463,0.3411,0.6998,0.3988,0.4269,0.2024,0.8197,1.5066,2016,Southeastern Asia,119,4.395,4.327,4.463,0.3411,0.6998,0.3988,0.4269,0.2024,0.8197,1.5066,2017,Southeastern Asia,119,4.395,4.327,4.463,0.3411,0.6998,0.3988,0.4269,0.2024,0.8197,1.5066,2018,Southeastern Asia,119,4.395,4.327,4.463,0.3411,0.6998,0.3988,0.4269,0.2024,0.8197,1.5066,2019,Southeastern Asia,119,4.395,4.327,4.463,0.3411,0.6998,0.3988,0.4269,0.2024,0.8197,1.5066,2020
123,Georgia,Central and Eastern Europe,130,4.297,0.0422,0.7419,0.3856,0.7293,0.4058,0.3833,0.0555,1.5954,2015,Central and Eastern Europe,126,4.252,4.164,4.34,0.8379,0.1925,0.6404,0.3246,0.3188,0.0679,1.8703,2016,Central and Eastern Europe,126,4.252,4.164,4.34,0.8379,0.1925,0.6404,0.3246,0.3188,0.0679,1.8703,2017,Central and Eastern Europe,126,4.252,4.164,4.34,0.8379,0.1925,0.6404,0.3246,0.3188,0.0679,1.8703,2018,Central and Eastern Europe,126,4.252,4.164,4.34,0.8379,0.1925,0.6404,0.3246,0.3188,0.0679,1.8703,2019,Central and Eastern Europe,126,4.252,4.164,4.34,0.8379,0.1925,0.6404,0.3246,0.3188,0.0679,1.8703,2020
124,Malawi,Sub-Saharan Africa,131,4.292,0.0613,0.016,0.4113,0.2256,0.4305,0.0698,0.3313,2.8079,2015,Sub-Saharan Africa,132,4.156,4.041,4.271,0.0871,0.147,0.2936,0.4143,0.0756,0.3097,2.8286,2016,Sub-Saharan Africa,132,4.156,4.041,4.271,0.0871,0.147,0.2936,0.4143,0.0756,0.3097,2.8286,2017,Sub-Saharan Africa,132,4.156,4.041,4.271,0.0871,0.147,0.2936,0.4143,0.0756,0.3097,2.8286,2018,Sub-Saharan Africa,132,4.156,4.041,4.271,0.0871,0.147,0.2936,0.4143,0.0756,0.3097,2.8286,2019,Sub-Saharan Africa,132,4.156,4.041,4.271,0.0871,0.147,0.2936,0.4143,0.0756,0.3097,2.8286,2020
125,Sri Lanka,Southern Asia,132,4.271,0.0375,0.8352,1.019,0.7081,0.5373,0.0918,0.4083,0.6711,2015,Southern Asia,117,4.415,4.322,4.508,0.9732,0.8478,0.6201,0.5082,0.0796,0.4698,0.9168,2016,Southern Asia,117,4.415,4.322,4.508,0.9732,0.8478,0.6201,0.5082,0.0796,0.4698,0.9168,2017,Southern Asia,117,4.415,4.322,4.508,0.9732,0.8478,0.6201,0.5082,0.0796,0.4698,0.9168,2018,Southern Asia,117,4.415,4.322,4.508,0.9732,0.8478,0.6201,0.5082,0.0796,0.4698,0.9168,2019,Southern Asia,117,4.415,4.322,4.508,0.9732,0.8478,0.6201,0.5082,0.0796,0.4698,0.9168,2020
126,Cameroon,Sub-Saharan Africa,133,4.252,0.0468,0.4225,0.8877,0.234,0.4931,0.0579,0.2062,1.9507,2015,Sub-Saharan Africa,114,4.513,4.417,4.609,0.525,0.6254,0.127,0.4274,0.0613,0.2268,2.5198,2016,Sub-Saharan Africa,114,4.513,4.417,4.609,0.525,0.6254,0.127,0.4274,0.0613,0.2268,2.5198,2017,Sub-Saharan Africa,114,4.513,4.417,4.609,0.525,0.6254,0.127,0.4274,0.0613,0.2268,2.5198,2018,Sub-Saharan Africa,114,4.513,4.417,4.609,0.525,0.6254,0.127,0.4274,0.0613,0.2268,2.5198,2019,Sub-Saharan Africa,114,4.513,4.417,4.609,0.525,0.6254,0.127,0.4274,0.0613,0.2268,2.5198,2020
127,Bulgaria,Central and Eastern Europe,134,4.218,0.0483,1.0122,1.1061,0.7665,0.3059,0.0087,0.1192,0.8999,2015,Central and Eastern Europe,129,4.217,4.104,4.33,1.1131,0.9254,0.6781,0.2122,0.0062,0.1279,1.1538,2016,Central and Eastern Europe,129,4.217,4.104,4.33,1.1131,0.9254,0.6781,0.2122,0.0062,0.1279,1.1538,2017,Central and Eastern Europe,129,4.217,4.104,4.33,1.1131,0.9254,0.6781,0.2122,0.0062,0.1279,1.1538,2018,Central and Eastern Europe,129,4.217,4.104,4.33,1.1131,0.9254,0.6781,0.2122,0.0062,0.1279,1.1538,2019,Central and Eastern Europe,129,4.217,4.104,4.33,1.1131,0.9254,0.6781,0.2122,0.0062,0.1279,1.1538,2020
128,Egypt,Middle East and Northern Africa,135,4.194,0.0326,0.8818,0.747,0.6171,0.1729,0.0632,0.1129,1.5993,2015,Middle East and Northern Africa,120,4.362,4.259,4.465,0.954,0.4981,0.5212,0.1885,0.1039,0.1271,1.969,2016,Middle East and Northern Africa,120,4.362,4.259,4.465,0.954,0.4981,0.5212,0.1885,0.1039,0.1271,1.969,2017,Middle East and Northern Africa,120,4.362,4.259,4.465,0.954,0.4981,0.5212,0.1885,0.1039,0.1271,1.969,2018,Middle East and Northern Africa,120,4.362,4.259,4.465,0.954,0.4981,0.5212,0.1885,0.1039,0.1271,1.969,2019,Middle East and Northern Africa,120,4.362,4.259,4.465,0.954,0.4981,0.5212,0.1885,0.1039,0.1271,1.969,2020
129,Yemen,Middle East and Northern Africa,136,4.077,0.0437,0.5465,0.6809,0.4006,0.3557,0.0785,0.0913,1.9231,2015,Middle East and Northern Africa,147,3.724,3.621,3.827,0.5794,0.4749,0.3105,0.2287,0.0589,0.0982,1.973,2016,Middle East and Northern Africa,147,3.724,3.621,3.827,0.5794,0.4749,0.3105,0.2287,0.0589,0.0982,1.973,2017,Middle East and Northern Africa,147,3.724,3.621,3.827,0.5794,0.4749,0.3105,0.2287,0.0589,0.0982,1.973,2018,Middle East and Northern Africa,147,3.724,3.621,3.827,0.5794,0.4749,0.3105,0.2287,0.0589,0.0982,1.973,2019,Middle East and Northern Africa,147,3.724,3.621,3.827,0.5794,0.4749,0.3105,0.2287,0.0589,0.0982,1.973,2020
130,Angola,Sub-Saharan Africa,137,4.033,0.0476,0.7578,0.8604,0.1668,0.1038,0.0712,0.1234,1.9494,2015,Sub-Saharan Africa,141,3.866,3.753,3.979,0.8473,0.6637,0.0499,0.0059,0.0843,0.1207,2.0946,2016,Sub-Saharan Africa,141,3.866,3.753,3.979,0.8473,0.6637,0.0499,0.0059,0.0843,0.1207,2.0946,2017,Sub-Saharan Africa,141,3.866,3.753,3.979,0.8473,0.6637,0.0499,0.0059,0.0843,0.1207,2.0946,2018,Sub-Saharan Africa,141,3.866,3.753,3.979,0.8473,0.6637,0.0499,0.0059,0.0843,0.1207,2.0946,2019,Sub-Saharan Africa,141,3.866,3.753,3.979,0.8473,0.6637,0.0499,0.0059,0.0843,0.1207,2.0946,2020
131,Mali,Sub-Saharan Africa,138,3.995,0.056,0.2607,1.0353,0.2058,0.3886,0.1235,0.188,1.7929,2015,Sub-Saharan Africa,135,4.073,3.988,4.158,0.3129,0.8633,0.1635,0.2754,0.1365,0.2106,2.1109,2016,Sub-Saharan Africa,135,4.073,3.988,4.158,0.3129,0.8633,0.1635,0.2754,0.1365,0.2106,2.1109,2017,Sub-Saharan Africa,135,4.073,3.988,4.158,0.3129,0.8633,0.1635,0.2754,0.1365,0.2106,2.1109,2018,Sub-Saharan Africa,135,4.073,3.988,4.158,0.3129,0.8633,0.1635,0.2754,0.1365,0.2106,2.1109,2019,Sub-Saharan Africa,135,4.073,3.988,4.158,0.3129,0.8633,0.1635,0.2754,0.1365,0.2106,2.1109,2020
132,Congo (Brazzaville),Sub-Saharan Africa,139,3.989,0.0668,0.6787,0.6629,0.3105,0.4147,0.1169,0.1239,1.6814,2015,Sub-Saharan Africa,127,4.236,4.107,4.365,0.7711,0.478,0.2821,0.3794,0.0975,0.1208,2.1068,2016,Sub-Saharan Africa,127,4.236,4.107,4.365,0.7711,0.478,0.2821,0.3794,0.0975,0.1208,2.1068,2017,Sub-Saharan Africa,127,4.236,4.107,4.365,0.7711,0.478,0.2821,0.3794,0.0975,0.1208,2.1068,2018,Sub-Saharan Africa,127,4.236,4.107,4.365,0.7711,0.478,0.2821,0.3794,0.0975,0.1208,2.1068,2019,Sub-Saharan Africa,127,4.236,4.107,4.365,0.7711,0.478,0.2821,0.3794,0.0975,0.1208,2.1068,2020
133,Comoros,Sub-Saharan Africa,140,3.956,0.048,0.2391,0.7927,0.3631,0.2292,0.199,0.1744,1.9581,2015,Sub-Saharan Africa,138,3.956,3.86,4.052,0.2751,0.6032,0.2998,0.1541,0.1844,0.1827,2.2563,2016,Sub-Saharan Africa,138,3.956,3.86,4.052,0.2751,0.6032,0.2998,0.1541,0.1844,0.1827,2.2563,2017,Sub-Saharan Africa,138,3.956,3.86,4.052,0.2751,0.6032,0.2998,0.1541,0.1844,0.1827,2.2563,2018,Sub-Saharan Africa,138,3.956,3.86,4.052,0.2751,0.6032,0.2998,0.1541,0.1844,0.1827,2.2563,2019,Sub-Saharan Africa,138,3.956,3.86,4.052,0.2751,0.6032,0.2998,0.1541,0.1844,0.1827,2.2563,2020
134,Uganda,Sub-Saharan Africa,141,3.931,0.0432,0.211,1.133,0.3386,0.4573,0.0727,0.2907,1.4277,2015,Sub-Saharan Africa,145,3.739,3.629,3.849,0.3472,0.9098,0.1962,0.4365,0.0644,0.271,1.5142,2016,Sub-Saharan Africa,145,3.739,3.629,3.849,0.3472,0.9098,0.1962,0.4365,0.0644,0.271,1.5142,2017,Sub-Saharan Africa,145,3.739,3.629,3.849,0.3472,0.9098,0.1962,0.4365,0.0644,0.271,1.5142,2018,Sub-Saharan Africa,145,3.739,3.629,3.849,0.3472,0.9098,0.1962,0.4365,0.0644,0.271,1.5142,2019,Sub-Saharan Africa,145,3.739,3.629,3.849,0.3472,0.9098,0.1962,0.4365,0.0644,0.271,1.5142,2020
135,Senegal,Sub-Saharan Africa,142,3.904,0.0361,0.365,0.9762,0.4354,0.3677,0.1071,0.2084,1.444,2015,Sub-Saharan Africa,128,4.219,4.151,4.287,0.4431,0.7742,0.4046,0.3106,0.1168,0.191,1.9786,2016,Sub-Saharan Africa,128,4.219,4.151,4.287,0.4431,0.7742,0.4046,0.3106,0.1168,0.191,1.9786,2017,Sub-Saharan Africa,128,4.219,4.151,4.287,0.4431,0.7742,0.4046,0.3106,0.1168,0.191,1.9786,2018,Sub-Saharan Africa,128,4.219,4.151,4.287,0.4431,0.7742,0.4046,0.3106,0.1168,0.191,1.9786,2019,Sub-Saharan Africa,128,4.219,4.151,4.287,0.4431,0.7742,0.4046,0.3106,0.1168,0.191,1.9786,2020
136,Gabon,Sub-Saharan Africa,143,3.896,0.0455,1.0602,0.9053,0.4337,0.3191,0.1109,0.0682,0.999,2015,Sub-Saharan Africa,134,4.121,4.03,4.212,1.1585,0.7237,0.3494,0.281,0.0931,0.0624,1.4533,2016,Sub-Saharan Africa,134,4.121,4.03,4.212,1.1585,0.7237,0.3494,0.281,0.0931,0.0624,1.4533,2017,Sub-Saharan Africa,134,4.121,4.03,4.212,1.1585,0.7237,0.3494,0.281,0.0931,0.0624,1.4533,2018,Sub-Saharan Africa,134,4.121,4.03,4.212,1.1585,0.7237,0.3494,0.281,0.0931,0.0624,1.4533,2019,Sub-Saharan Africa,134,4.121,4.03,4.212,1.1585,0.7237,0.3494,0.281,0.0931,0.0624,1.4533,2020
137,Niger,Sub-Saharan Africa,144,3.845,0.036,0.0694,0.7726,0.2971,0.4769,0.1564,0.1939,1.8788,2015,Sub-Saharan Africa,142,3.856,3.781,3.931,0.1327,0.6053,0.2616,0.3804,0.1718,0.2097,2.0947,2016,Sub-Saharan Africa,142,3.856,3.781,3.931,0.1327,0.6053,0.2616,0.3804,0.1718,0.2097,2.0947,2017,Sub-Saharan Africa,142,3.856,3.781,3.931,0.1327,0.6053,0.2616,0.3804,0.1718,0.2097,2.0947,2018,Sub-Saharan Africa,142,3.856,3.781,3.931,0.1327,0.6053,0.2616,0.3804,0.1718,0.2097,2.0947,2019,Sub-Saharan Africa,142,3.856,3.781,3.931,0.1327,0.6053,0.2616,0.3804,0.1718,0.2097,2.0947,2020
138,Cambodia,Southeastern Asia,145,3.819,0.0507,0.4604,0.6274,0.6111,0.6625,0.0725,0.4036,0.982,2015,Southeastern Asia,140,3.907,3.798,4.016,0.556,0.5375,0.4249,0.5885,0.0809,0.4034,1.3157,2016,Southeastern Asia,140,3.907,3.798,4.016,0.556,0.5375,0.4249,0.5885,0.0809,0.4034,1.3157,2017,Southeastern Asia,140,3.907,3.798,4.016,0.556,0.5375,0.4249,0.5885,0.0809,0.4034,1.3157,2018,Southeastern Asia,140,3.907,3.798,4.016,0.556,0.5375,0.4249,0.5885,0.0809,0.4034,1.3157,2019,Southeastern Asia,140,3.907,3.798,4.016,0.556,0.5375,0.4249,0.5885,0.0809,0.4034,1.3157,2020
139,Tanzania,Sub-Saharan Africa,146,3.781,0.0506,0.2852,1.0027,0.3822,0.3288,0.0575,0.3438,1.3808,2015,Sub-Saharan Africa,149,3.666,3.561,3.771,0.4716,0.7762,0.357,0.3176,0.051,0.3147,1.3777,2016,Sub-Saharan Africa,149,3.666,3.561,3.771,0.4716,0.7762,0.357,0.3176,0.051,0.3147,1.3777,2017,Sub-Saharan Africa,149,3.666,3.561,3.771,0.4716,0.7762,0.357,0.3176,0.051,0.3147,1.3777,2018,Sub-Saharan Africa,149,3.666,3.561,3.771,0.4716,0.7762,0.357,0.3176,0.051,0.3147,1.3777,2019,Sub-Saharan Africa,149,3.666,3.561,3.771,0.4716,0.7762,0.357,0.3176,0.051,0.3147,1.3777,2020
140,Madagascar,Sub-Saharan Africa,147,3.681,0.0363,0.2082,0.668,0.4672,0.1918,0.0812,0.2133,1.851,2015,Sub-Saharan Africa,148,3.695,3.621,3.769,0.2795,0.4612,0.3711,0.1368,0.0751,0.2204,2.1508,2016,Sub-Saharan Africa,148,3.695,3.621,3.769,0.2795,0.4612,0.3711,0.1368,0.0751,0.2204,2.1508,2017,Sub-Saharan Africa,148,3.695,3.621,3.769,0.2795,0.4612,0.3711,0.1368,0.0751,0.2204,2.1508,2018,Sub-Saharan Africa,148,3.695,3.621,3.769,0.2795,0.4612,0.3711,0.1368,0.0751,0.2204,2.1508,2019,Sub-Saharan Africa,148,3.695,3.621,3.769,0.2795,0.4612,0.3711,0.1368,0.0751,0.2204,2.1508,2020
141,Chad,Sub-Saharan Africa,149,3.667,0.0383,0.3419,0.7606,0.1501,0.235,0.0527,0.1839,1.943,2015,Sub-Saharan Africa,144,3.763,3.672,3.854,0.4221,0.6318,0.0382,0.1281,0.0495,0.1867,2.3064,2016,Sub-Saharan Africa,144,3.763,3.672,3.854,0.4221,0.6318,0.0382,0.1281,0.0495,0.1867,2.3064,2017,Sub-Saharan Africa,144,3.763,3.672,3.854,0.4221,0.6318,0.0382,0.1281,0.0495,0.1867,2.3064,2018,Sub-Saharan Africa,144,3.763,3.672,3.854,0.4221,0.6318,0.0382,0.1281,0.0495,0.1867,2.3064,2019,Sub-Saharan Africa,144,3.763,3.672,3.854,0.4221,0.6318,0.0382,0.1281,0.0495,0.1867,2.3064,2020
142,Guinea,Sub-Saharan Africa,150,3.656,0.0359,0.1742,0.4648,0.2401,0.3772,0.1214,0.2866,1.9917,2015,Sub-Saharan Africa,151,3.607,3.533,3.681,0.2242,0.3109,0.1883,0.3095,0.1192,0.2991,2.156,2016,Sub-Saharan Africa,151,3.607,3.533,3.681,0.2242,0.3109,0.1883,0.3095,0.1192,0.2991,2.156,2017,Sub-Saharan Africa,151,3.607,3.533,3.681,0.2242,0.3109,0.1883,0.3095,0.1192,0.2991,2.156,2018,Sub-Saharan Africa,151,3.607,3.533,3.681,0.2242,0.3109,0.1883,0.3095,0.1192,0.2991,2.156,2019,Sub-Saharan Africa,151,3.607,3.533,3.681,0.2242,0.3109,0.1883,0.3095,0.1192,0.2991,2.156,2020
143,Ivory Coast,Sub-Saharan Africa,151,3.655,0.0514,0.4653,0.7712,0.1519,0.4687,0.1792,0.2016,1.4172,2015,Sub-Saharan Africa,139,3.916,3.826,4.006,0.5551,0.5758,0.0448,0.4066,0.1553,0.2034,1.9748,2016,Sub-Saharan Africa,139,3.916,3.826,4.006,0.5551,0.5758,0.0448,0.4066,0.1553,0.2034,1.9748,2017,Sub-Saharan Africa,139,3.916,3.826,4.006,0.5551,0.5758,0.0448,0.4066,0.1553,0.2034,1.9748,2018,Sub-Saharan Africa,139,3.916,3.826,4.006,0.5551,0.5758,0.0448,0.4066,0.1553,0.2034,1.9748,2019,Sub-Saharan Africa,139,3.916,3.826,4.006,0.5551,0.5758,0.0448,0.4066,0.1553,0.2034,1.9748,2020
144,Burkina Faso,Sub-Saharan Africa,152,3.587,0.0432,0.2581,0.8519,0.2712,0.3949,0.1283,0.2175,1.4649,2015,Sub-Saharan Africa,145,3.739,3.647,3.831,0.32,0.6305,0.213,0.3337,0.1253,0.2435,1.8732,2016,Sub-Saharan Africa,145,3.739,3.647,3.831,0.32,0.6305,0.213,0.3337,0.1253,0.2435,1.8732,2017,Sub-Saharan Africa,145,3.739,3.647,3.831,0.32,0.6305,0.213,0.3337,0.1253,0.2435,1.8732,2018,Sub-Saharan Africa,145,3.739,3.647,3.831,0.32,0.6305,0.213,0.3337,0.1253,0.2435,1.8732,2019,Sub-Saharan Africa,145,3.739,3.647,3.831,0.32,0.6305,0.213,0.3337,0.1253,0.2435,1.8732,2020
145,Afghanistan,Southern Asia,153,3.575,0.0308,0.3198,0.3028,0.3034,0.2341,0.0972,0.3651,1.9521,2015,Southern Asia,154,3.36,3.288,3.432,0.3823,0.1104,0.1734,0.1643,0.0711,0.3127,2.1456,2016,Southern Asia,154,3.36,3.288,3.432,0.3823,0.1104,0.1734,0.1643,0.0711,0.3127,2.1456,2017,Southern Asia,154,3.36,3.288,3.432,0.3823,0.1104,0.1734,0.1643,0.0711,0.3127,2.1456,2018,Southern Asia,154,3.36,3.288,3.432,0.3823,0.1104,0.1734,0.1643,0.0711,0.3127,2.1456,2019,Southern Asia,154,3.36,3.288,3.432,0.3823,0.1104,0.1734,0.1643,0.0711,0.3127,2.1456,2020
146,Rwanda,Sub-Saharan Africa,154,3.465,0.0346,0.2221,0.7737,0.4286,0.592,0.5519,0.2263,0.6704,2015,Sub-Saharan Africa,152,3.515,3.444,3.586,0.3285,0.6159,0.3186,0.5432,0.5052,0.2355,0.9682,2016,Sub-Saharan Africa,152,3.515,3.444,3.586,0.3285,0.6159,0.3186,0.5432,0.5052,0.2355,0.9682,2017,Sub-Saharan Africa,152,3.515,3.444,3.586,0.3285,0.6159,0.3186,0.5432,0.5052,0.2355,0.9682,2018,Sub-Saharan Africa,152,3.515,3.444,3.586,0.3285,0.6159,0.3186,0.5432,0.5052,0.2355,0.9682,2019,Sub-Saharan Africa,152,3.515,3.444,3.586,0.3285,0.6159,0.3186,0.5432,0.5052,0.2355,0.9682,2020
147,Benin,Sub-Saharan Africa,155,3.34,0.0366,0.2866,0.3539,0.3191,0.4845,0.0801,0.1826,1.6333,2015,Sub-Saharan Africa,153,3.484,3.404,3.564,0.395,0.1042,0.2103,0.3975,0.0668,0.2018,2.1081,2016,Sub-Saharan Africa,153,3.484,3.404,3.564,0.395,0.1042,0.2103,0.3975,0.0668,0.2018,2.1081,2017,Sub-Saharan Africa,153,3.484,3.404,3.564,0.395,0.1042,0.2103,0.3975,0.0668,0.2018,2.1081,2018,Sub-Saharan Africa,153,3.484,3.404,3.564,0.395,0.1042,0.2103,0.3975,0.0668,0.2018,2.1081,2019,Sub-Saharan Africa,153,3.484,3.404,3.564,0.395,0.1042,0.2103,0.3975,0.0668,0.2018,2.1081,2020
148,Syria,Middle East and Northern Africa,156,3.006,0.0502,0.6632,0.4749,0.7219,0.1568,0.1891,0.4718,0.3286,2015,Middle East and Northern Africa,156,3.069,2.936,3.202,0.7472,0.1487,0.6299,0.0691,0.1723,0.484,0.8179,2016,Middle East and Northern Africa,156,3.069,2.936,3.202,0.7472,0.1487,0.6299,0.0691,0.1723,0.484,0.8179,2017,Middle East and Northern Africa,156,3.069,2.936,3.202,0.7472,0.1487,0.6299,0.0691,0.1723,0.484,0.8179,2018,Middle East and Northern Africa,156,3.069,2.936,3.202,0.7472,0.1487,0.6299,0.0691,0.1723,0.484,0.8179,2019,Middle East and Northern Africa,156,3.069,2.936,3.202,0.7472,0.1487,0.6299,0.0691,0.1723,0.484,0.8179,2020
149,Burundi,Sub-Saharan Africa,157,2.905,0.0866,0.0153,0.4159,0.224,0.1185,0.1006,0.1973,1.833,2015,Sub-Saharan Africa,157,2.905,2.732,3.078,0.0683,0.2344,0.1575,0.0432,0.0942,0.2029,2.104,2016,Sub-Saharan Africa,157,2.905,2.732,3.078,0.0683,0.2344,0.1575,0.0432,0.0942,0.2029,2.104,2017,Sub-Saharan Africa,157,2.905,2.732,3.078,0.0683,0.2344,0.1575,0.0432,0.0942,0.2029,2.104,2018,Sub-Saharan Africa,157,2.905,2.732,3.078,0.0683,0.2344,0.1575,0.0432,0.0942,0.2029,2.104,2019,Sub-Saharan Africa,157,2.905,2.732,3.078,0.0683,0.2344,0.1575,0.0432,0.0942,0.2029,2.104,2020
150,Togo,Sub-Saharan Africa,158,2.839,0.0673,0.2087,0.14,0.2844,0.3645,0.1073,0.1668,1.5673,2015,Sub-Saharan Africa,155,3.303,3.192,3.414,0.2812,0.0,0.2481,0.3468,0.1159,0.1752,2.1354,2016,Sub-Saharan Africa,155,3.303,3.192,3.414,0.2812,0.0,0.2481,0.3468,0.1159,0.1752,2.1354,2017,Sub-Saharan Africa,155,3.303,3.192,3.414,0.2812,0.0,0.2481,0.3468,0.1159,0.1752,2.1354,2018,Sub-Saharan Africa,155,3.303,3.192,3.414,0.2812,0.0,0.2481,0.3468,0.1159,0.1752,2.1354,2019,Sub-Saharan Africa,155,3.303,3.192,3.414,0.2812,0.0,0.2481,0.3468,0.1159,0.1752,2.1354,2020
