,Country,GDP Ranking,GDP,Ease of Doing Business Rank,Starting a Business,Dealing with Construction Permits,Getting Electricity,Registering Property,Getting Credit,Protecting Minority Investors,Paying Taxes,Trading across Borders,Enforcing Contracts,Resolving Insolvency,Population Rank,Growth Rate,World Percentage of Population,Land Area,Capital City,Helath Care Rank,Health Care Approval Rating,Unnamed: 0,Region_x,Happiness Rank_x,Happiness Score_x,Standard Error,Economy (GDP per Capita)_x,Family_x,Health (Life Expectancy)_x,Freedom_x,Trust (Government Corruption)_x,Generosity_x,Dystopia Residual_x,Year_x,Region_y,Happiness Rank_y,Happiness Score_y,Lower Confidence Interval_x,Upper Confidence Interval_x,Economy (GDP per Capita)_y,Family_y,Health (Life Expectancy)_y,Freedom_y,Trust (Government Corruption)_y,Generosity_y,Dystopia Residual_y,Year_y,Region_x.1,Happiness Rank_x.1,Happiness Score_x.1,Lower Confidence Interval_y,Upper Confidence Interval_y,Economy (GDP per Capita)_x.1,Family_x.1,Health (Life Expectancy)_x.1,Freedom_x.1,Trust (Government Corruption)_x.1,Generosity_x.1,Dystopia Residual_x.1,Year_x.1,Region_y.1,Happiness Rank_y.1,Happiness Score_y.1,Lower Confidence Interval_x.1,Upper Confidence Interval_x.1,Economy (GDP per Capita)_y.1,Family_y.1,Health (Life Expectancy)_y.1,Freedom_y.1,Trust (Government Corruption)_y.1,Generosity_y.1,Dystopia Residual_y.1,Year_y.1,Region_x.2,Happiness Rank_x.2,Happiness Score_x.2,Lower Confidence Interval_y.1,Upper Confidence Interval_y.1,Economy (GDP per Capita)_x.2,Family_x.2,Health (Life Expectancy)_x.2,Freedom_x.2,Trust (Government Corruption)_x.2,Generosity_x.2,Dystopia Residual_x.2,Year_x.2,Region_y.2,Happiness Rank_y.2,Happiness Score_y.2,Lower Confidence Interval,Upper Confidence Interval,Economy (GDP per Capita)_y.2,Family_y.2,Health (Life Expectancy)_y.2,Freedom_y.2,Trust (Government Corruption)_y.2,Generosity_y.2,Dystopia Residual_y.2,Year_y.2
0,United States,1,"21,427,700",6,49,36,49,37,2,42,36,36,16,3,3.0,0.59%,4.25%,"9,147,420",Washington D.C.,30,69.27,14,North America,15,7.119,0.0384,1.3945,1.2471,0.8618,0.546,0.1589,0.401,2.5101,2015,North America,13,7.104,7.02,7.188,1.508,1.0478,0.779,0.4816,0.1487,0.4108,2.7278,2016,North America,13,7.104,7.02,7.188,1.508,1.0478,0.779,0.4816,0.1487,0.4108,2.7278,2017,North America,13,7.104,7.02,7.188,1.508,1.0478,0.779,0.4816,0.1487,0.4108,2.7278,2018,North America,13,7.104,7.02,7.188,1.508,1.0478,0.779,0.4816,0.1487,0.4108,2.7278,2019,North America,13,7.104,7.02,7.188,1.508,1.0478,0.779,0.4816,0.1487,0.4108,2.7278,2020
1,China,2,"14,342,903",78,93,172,98,41,68,119,130,97,5,56,1.0,0.39%,18.47%,"9,388,211",Beijing,47,64.48,82,Eastern Asia,84,5.14,0.0242,0.8901,0.9468,0.8166,0.517,0.0278,0.0819,1.8604,2015,Eastern Asia,83,5.245,5.199,5.291,1.0278,0.7938,0.7356,0.4401,0.0274,0.0496,2.1709,2016,Eastern Asia,83,5.245,5.199,5.291,1.0278,0.7938,0.7356,0.4401,0.0274,0.0496,2.1709,2017,Eastern Asia,83,5.245,5.199,5.291,1.0278,0.7938,0.7356,0.4401,0.0274,0.0496,2.1709,2018,Eastern Asia,83,5.245,5.199,5.291,1.0278,0.7938,0.7356,0.4401,0.0274,0.0496,2.1709,2019,Eastern Asia,83,5.245,5.199,5.291,1.0278,0.7938,0.7356,0.4401,0.0274,0.0496,2.1709,2020
2,Japan,3,"5,081,770",34,106,50,17,52,77,62,68,51,51,1,11.0,-0.30%,1.62%,"364,555",Tokyo,3,81.14,44,Eastern Asia,46,5.987,0.0358,1.2707,1.2571,0.9911,0.4962,0.1806,0.107,1.6844,2015,Eastern Asia,53,5.921,5.85,5.992000000000001,1.3801,1.0605,0.9149,0.4676,0.1898,0.1022,1.8058,2016,Eastern Asia,53,5.921,5.85,5.992000000000001,1.3801,1.0605,0.9149,0.4676,0.1898,0.1022,1.8058,2017,Eastern Asia,53,5.921,5.85,5.992000000000001,1.3801,1.0605,0.9149,0.4676,0.1898,0.1022,1.8058,2018,Eastern Asia,53,5.921,5.85,5.992000000000001,1.3801,1.0605,0.9149,0.4676,0.1898,0.1022,1.8058,2019,Eastern Asia,53,5.921,5.85,5.992000000000001,1.3801,1.0605,0.9149,0.4676,0.1898,0.1022,1.8058,2020
3,Germany,4,"3,845,630",20,113,24,5,77,42,62,41,39,22,4,19.0,0.32%,1.07%,"348,560",Berlin,17,73.32,24,Western Europe,26,6.75,0.0185,1.3279,1.2994,0.8919,0.6148,0.2184,0.2821,2.1157,2015,Western Europe,16,6.994,6.93,7.058,1.4479,1.0977,0.8149,0.5347,0.2855,0.3045,2.5093,2016,Western Europe,16,6.994,6.93,7.058,1.4479,1.0977,0.8149,0.5347,0.2855,0.3045,2.5093,2017,Western Europe,16,6.994,6.93,7.058,1.4479,1.0977,0.8149,0.5347,0.2855,0.3045,2.5093,2018,Western Europe,16,6.994,6.93,7.058,1.4479,1.0977,0.8149,0.5347,0.2855,0.3045,2.5093,2019,Western Europe,16,6.994,6.93,7.058,1.4479,1.0977,0.8149,0.5347,0.2855,0.3045,2.5093,2020
4,India,5,"2,875,142",100,156,181,29,154,29,4,119,146,164,103,2.0,0.99%,17.70%,"2,973,190",New Delhi,38,67.13,111,Southern Asia,117,4.565,0.0204,0.645,0.3817,0.5153,0.3979,0.0849,0.2648,2.2751,2015,Southern Asia,118,4.404,4.351,4.457,0.7404,0.2925,0.4509,0.4028,0.0872,0.2503,2.1803,2016,Southern Asia,118,4.404,4.351,4.457,0.7404,0.2925,0.4509,0.4028,0.0872,0.2503,2.1803,2017,Southern Asia,118,4.404,4.351,4.457,0.7404,0.2925,0.4509,0.4028,0.0872,0.2503,2.1803,2018,Southern Asia,118,4.404,4.351,4.457,0.7404,0.2925,0.4509,0.4028,0.0872,0.2503,2.1803,2019,Southern Asia,118,4.404,4.351,4.457,0.7404,0.2925,0.4509,0.4028,0.0872,0.2503,2.1803,2020
5,United Kingdom,6,"2,827,113",7,14,14,9,47,29,10,23,28,31,14,21.0,0.53%,0.87%,"241,930",London,13,74.46,20,Western Europe,21,6.867000000000001,0.0187,1.2664,1.2855,0.9094,0.5962,0.3207,0.5191,1.9699,2015,Western Europe,23,6.725,6.647,6.803,1.4028,1.0867,0.8099,0.5004,0.27399999999999997,0.5016,2.15,2016,Western Europe,23,6.725,6.647,6.803,1.4028,1.0867,0.8099,0.5004,0.27399999999999997,0.5016,2.15,2017,Western Europe,23,6.725,6.647,6.803,1.4028,1.0867,0.8099,0.5004,0.27399999999999997,0.5016,2.15,2018,Western Europe,23,6.725,6.647,6.803,1.4028,1.0867,0.8099,0.5004,0.27399999999999997,0.5016,2.15,2019,Western Europe,23,6.725,6.647,6.803,1.4028,1.0867,0.8099,0.5004,0.27399999999999997,0.5016,2.15,2020
6,France,7,"2,715,518",31,25,18,26,100,90,33,54,1,15,28,22.0,0.22%,0.84%,"547,557",Paris,5,79.99,27,Western Europe,29,6.575,0.0351,1.2778,1.2604,0.9458,0.5501,0.2065,0.1233,2.2113,2015,Western Europe,32,6.478,6.397,6.559,1.3949,1.0051,0.838,0.4656,0.1781,0.1216,2.4744,2016,Western Europe,32,6.478,6.397,6.559,1.3949,1.0051,0.838,0.4656,0.1781,0.1216,2.4744,2017,Western Europe,32,6.478,6.397,6.559,1.3949,1.0051,0.838,0.4656,0.1781,0.1216,2.4744,2018,Western Europe,32,6.478,6.397,6.559,1.3949,1.0051,0.838,0.4656,0.1781,0.1216,2.4744,2019,Western Europe,32,6.478,6.397,6.559,1.3949,1.0051,0.838,0.4656,0.1781,0.1216,2.4744,2020
7,Italy,8,"2,001,244",46,66,96,28,23,105,62,112,1,108,24,23.0,-0.15%,0.78%,"294,140",Rome,40,66.59,48,Western Europe,50,5.9479999999999995,0.0391,1.2511,1.1978,0.9545,0.2624,0.028999999999999998,0.2282,2.0252,2015,Western Europe,50,5.977,5.898,6.056,1.355,1.0417,0.851,0.1883,0.0256,0.1668,2.3492,2016,Western Europe,50,5.977,5.898,6.056,1.355,1.0417,0.851,0.1883,0.0256,0.1668,2.3492,2017,Western Europe,50,5.977,5.898,6.056,1.355,1.0417,0.851,0.1883,0.0256,0.1668,2.3492,2018,Western Europe,50,5.977,5.898,6.056,1.355,1.0417,0.851,0.1883,0.0256,0.1668,2.3492,2019,Western Europe,50,5.977,5.898,6.056,1.355,1.0417,0.851,0.1883,0.0256,0.1668,2.3492,2020
8,Brazil,9,"1,839,758",125,176,170,45,131,105,43,184,139,47,80,6.0,0.72%,2.73%,"8,358,140",Brasília,66,56.29,15,Latin America and Caribbean,16,6.983,0.0408,0.9812,1.2329,0.6970000000000001,0.4905,0.1752,0.1457,3.26,2015,Latin America and Caribbean,17,6.952000000000001,6.875,7.029,1.0875,1.0394,0.6142,0.4042,0.1417,0.1578,3.5073,2016,Latin America and Caribbean,17,6.952000000000001,6.875,7.029,1.0875,1.0394,0.6142,0.4042,0.1417,0.1578,3.5073,2017,Latin America and Caribbean,17,6.952000000000001,6.875,7.029,1.0875,1.0394,0.6142,0.4042,0.1417,0.1578,3.5073,2018,Latin America and Caribbean,17,6.952000000000001,6.875,7.029,1.0875,1.0394,0.6142,0.4042,0.1417,0.1578,3.5073,2019,Latin America and Caribbean,17,6.952000000000001,6.875,7.029,1.0875,1.0394,0.6142,0.4042,0.1417,0.1578,3.5073,2020
9,Canada,10,"1,736,426",18,2,54,105,33,12,8,16,46,114,11,39.0,0.89%,0.48%,"9,093,510",Ottawa,24,71.58,4,North America,5,7.4270000000000005,0.0355,1.3263,1.3226,0.9056,0.633,0.3296,0.4581,2.4518,2015,North America,6,7.404,7.335,7.473,1.4402,1.0961,0.8276,0.5737,0.3133,0.4483,2.7048,2016,North America,6,7.404,7.335,7.473,1.4402,1.0961,0.8276,0.5737,0.3133,0.4483,2.7048,2017,North America,6,7.404,7.335,7.473,1.4402,1.0961,0.8276,0.5737,0.3133,0.4483,2.7048,2018,North America,6,7.404,7.335,7.473,1.4402,1.0961,0.8276,0.5737,0.3133,0.4483,2.7048,2019,North America,6,7.404,7.335,7.473,1.4402,1.0961,0.8276,0.5737,0.3133,0.4483,2.7048,2020
10,Spain,13,"1,394,116",28,86,123,42,53,68,24,34,1,26,19,30.0,0.04%,0.60%,"498,800",Madrid,6,78.88,34,Western Europe,36,6.329,0.0347,1.2301,1.3138,0.9556,0.4595,0.064,0.1823,2.1237,2015,Western Europe,37,6.361000000000001,6.287999999999999,6.434,1.3425,1.1294,0.879,0.3754,0.0614,0.1766,2.3966,2016,Western Europe,37,6.361000000000001,6.287999999999999,6.434,1.3425,1.1294,0.879,0.3754,0.0614,0.1766,2.3966,2017,Western Europe,37,6.361000000000001,6.287999999999999,6.434,1.3425,1.1294,0.879,0.3754,0.0614,0.1766,2.3966,2018,Western Europe,37,6.361000000000001,6.287999999999999,6.434,1.3425,1.1294,0.879,0.3754,0.0614,0.1766,2.3966,2019,Western Europe,37,6.361000000000001,6.287999999999999,6.434,1.3425,1.1294,0.879,0.3754,0.0614,0.1766,2.3966,2020
11,Australia,14,"1,392,681",14,7,6,47,51,6,57,26,95,3,18,55.0,1.18%,0.33%,"7,682,300",Canberra,9,77.38,9,Australia and New Zealand,10,7.284,0.0408,1.3336,1.3092,0.9316,0.6512,0.3564,0.4356,2.2665,2015,Australia and New Zealand,9,7.313,7.2410000000000005,7.385,1.4444,1.1048,0.8512,0.5684,0.3233,0.4741,2.5465,2016,Australia and New Zealand,9,7.313,7.2410000000000005,7.385,1.4444,1.1048,0.8512,0.5684,0.3233,0.4741,2.5465,2017,Australia and New Zealand,9,7.313,7.2410000000000005,7.385,1.4444,1.1048,0.8512,0.5684,0.3233,0.4741,2.5465,2018,Australia and New Zealand,9,7.313,7.2410000000000005,7.385,1.4444,1.1048,0.8512,0.5684,0.3233,0.4741,2.5465,2019,Australia and New Zealand,9,7.313,7.2410000000000005,7.385,1.4444,1.1048,0.8512,0.5684,0.3233,0.4741,2.5465,2020
12,Mexico,15,"1,258,287",49,90,87,92,99,6,62,115,63,41,31,10.0,1.06%,1.65%,"1,943,950",Mexico City,27,70.12,13,Latin America and Caribbean,14,7.187,0.0418,1.0205,0.9145,0.8144,0.4818,0.2131,0.1407,3.6021,2015,Latin America and Caribbean,21,6.778,6.68,6.876,1.1151,0.7146,0.7114,0.3771,0.1836,0.1174,3.5591,2016,Latin America and Caribbean,21,6.778,6.68,6.876,1.1151,0.7146,0.7114,0.3771,0.1836,0.1174,3.5591,2017,Latin America and Caribbean,21,6.778,6.68,6.876,1.1151,0.7146,0.7114,0.3771,0.1836,0.1174,3.5591,2018,Latin America and Caribbean,21,6.778,6.68,6.876,1.1151,0.7146,0.7114,0.3771,0.1836,0.1174,3.5591,2019,Latin America and Caribbean,21,6.778,6.68,6.876,1.1151,0.7146,0.7114,0.3771,0.1836,0.1174,3.5591,2020
13,Indonesia,16,"1,119,191",72,144,108,38,106,55,43,114,112,145,38,4.0,1.07%,3.51%,"1,811,570",Jakarta,55,60.48,72,Southeastern Asia,74,5.399,0.026000000000000002,0.8283,1.0871,0.6379,0.4661,0.0,0.5154,1.864,2015,Southeastern Asia,79,5.314,5.237,5.391,0.951,0.8762,0.4937,0.3924,0.0032,0.5652,2.0317,2016,Southeastern Asia,79,5.314,5.237,5.391,0.951,0.8762,0.4937,0.3924,0.0032,0.5652,2.0317,2017,Southeastern Asia,79,5.314,5.237,5.391,0.951,0.8762,0.4937,0.3924,0.0032,0.5652,2.0317,2018,Southeastern Asia,79,5.314,5.237,5.391,0.951,0.8762,0.4937,0.3924,0.0032,0.5652,2.0317,2019,Southeastern Asia,79,5.314,5.237,5.391,0.951,0.8762,0.4937,0.3924,0.0032,0.5652,2.0317,2020
14,Netherlands,17,"909,070",32,20,76,52,30,105,62,20,1,69,8,69.0,0.22%,0.22%,"33,720",Amsterdam,11,74.65,6,Western Europe,7,7.377999999999999,0.027999999999999997,1.3294,1.2802,0.8928,0.6158,0.3181,0.4761,2.4657,2015,Western Europe,7,7.3389999999999995,7.284,7.394,1.4647,1.0291,0.8123,0.5521,0.2993,0.4742,2.7075,2016,Western Europe,7,7.3389999999999995,7.284,7.394,1.4647,1.0291,0.8123,0.5521,0.2993,0.4742,2.7075,2017,Western Europe,7,7.3389999999999995,7.284,7.394,1.4647,1.0291,0.8123,0.5521,0.2993,0.4742,2.7075,2018,Western Europe,7,7.3389999999999995,7.284,7.394,1.4647,1.0291,0.8123,0.5521,0.2993,0.4742,2.7075,2019,Western Europe,7,7.3389999999999995,7.284,7.394,1.4647,1.0291,0.8123,0.5521,0.2993,0.4742,2.7075,2020
15,Saudi Arabia,18,"792,967",92,135,38,59,24,90,10,76,161,83,168,41.0,1.59%,0.45%,"2,149,690",Riyadh,58,59.11,33,Middle East and Northern Africa,35,6.4110000000000005,0.0463,1.3954,1.0839,0.7202,0.3105,0.3252,0.1371,2.4387,2015,Middle East and Northern Africa,34,6.379,6.287000000000001,6.471,1.4895,0.8483,0.5927,0.379,0.3001,0.1546,2.6148,2016,Middle East and Northern Africa,34,6.379,6.287000000000001,6.471,1.4895,0.8483,0.5927,0.379,0.3001,0.1546,2.6148,2017,Middle East and Northern Africa,34,6.379,6.287000000000001,6.471,1.4895,0.8483,0.5927,0.379,0.3001,0.1546,2.6148,2018,Middle East and Northern Africa,34,6.379,6.287000000000001,6.471,1.4895,0.8483,0.5927,0.379,0.3001,0.1546,2.6148,2019,Middle East and Northern Africa,34,6.379,6.287000000000001,6.471,1.4895,0.8483,0.5927,0.379,0.3001,0.1546,2.6148,2020
16,Turkey,19,"754,412",60,80,96,55,46,77,20,88,71,30,139,17.0,1.09%,1.08%,"769,630",Ankara,28,69.8,74,Middle East and Northern Africa,76,5.332000000000001,0.0386,1.061,0.9463,0.7317,0.2282,0.1575,0.1225,2.0853,2015,Middle East and Northern Africa,78,5.388999999999999,5.295,5.483,1.1649,0.8772,0.6472,0.2389,0.1235,0.0471,2.2907,2016,Middle East and Northern Africa,78,5.388999999999999,5.295,5.483,1.1649,0.8772,0.6472,0.2389,0.1235,0.0471,2.2907,2017,Middle East and Northern Africa,78,5.388999999999999,5.295,5.483,1.1649,0.8772,0.6472,0.2389,0.1235,0.0471,2.2907,2018,Middle East and Northern Africa,78,5.388999999999999,5.295,5.483,1.1649,0.8772,0.6472,0.2389,0.1235,0.0471,2.2907,2019,Middle East and Northern Africa,78,5.388999999999999,5.295,5.483,1.1649,0.8772,0.6472,0.2389,0.1235,0.0471,2.2907,2020
17,Switzerland,20,"703,082",33,73,62,7,16,68,108,19,38,45,45,101.0,0.74%,0.11%,"39,516",Bern,22,72.44,0,Western Europe,1,7.587000000000001,0.0341,1.3965,1.3495,0.9414,0.6656,0.4198,0.2968,2.5174,2015,Western Europe,2,7.5089999999999995,7.428,7.59,1.5273,1.1452,0.863,0.5856,0.41200000000000003,0.2808,2.6946,2016,Western Europe,2,7.5089999999999995,7.428,7.59,1.5273,1.1452,0.863,0.5856,0.41200000000000003,0.2808,2.6946,2017,Western Europe,2,7.5089999999999995,7.428,7.59,1.5273,1.1452,0.863,0.5856,0.41200000000000003,0.2808,2.6946,2018,Western Europe,2,7.5089999999999995,7.428,7.59,1.5273,1.1452,0.863,0.5856,0.41200000000000003,0.2808,2.6946,2019,Western Europe,2,7.5089999999999995,7.428,7.59,1.5273,1.1452,0.863,0.5856,0.41200000000000003,0.2808,2.6946,2020
18,Poland,21,"592,164",27,120,41,54,38,29,51,51,1,55,22,38.0,-0.11%,0.49%,"306,230",Warsaw,53,61.01,58,Central and Eastern Europe,60,5.791,0.0426,1.1256,1.2795,0.779,0.5312,0.0421,0.1676,1.8656,2015,Central and Eastern Europe,57,5.835,5.749,5.921,1.2458,1.0468,0.6906,0.4519,0.055,0.1444,2.2003,2016,Central and Eastern Europe,57,5.835,5.749,5.921,1.2458,1.0468,0.6906,0.4519,0.055,0.1444,2.2003,2017,Central and Eastern Europe,57,5.835,5.749,5.921,1.2458,1.0468,0.6906,0.4519,0.055,0.1444,2.2003,2018,Central and Eastern Europe,57,5.835,5.749,5.921,1.2458,1.0468,0.6906,0.4519,0.055,0.1444,2.2003,2019,Central and Eastern Europe,57,5.835,5.749,5.921,1.2458,1.0468,0.6906,0.4519,0.055,0.1444,2.2003,2020
19,Thailand,22,"543,650",26,36,43,13,68,42,16,67,57,34,26,20.0,0.25%,0.90%,"510,890",Bangkok,8,77.95,32,Southeastern Asia,34,6.455,0.0356,0.9669,1.265,0.7385,0.5566,0.0319,0.5763,2.3194,2015,Southeastern Asia,33,6.474,6.396,6.5520000000000005,1.0893,1.0448,0.6492,0.4955,0.0283,0.5870000000000001,2.5796,2016,Southeastern Asia,33,6.474,6.396,6.5520000000000005,1.0893,1.0448,0.6492,0.4955,0.0283,0.5870000000000001,2.5796,2017,Southeastern Asia,33,6.474,6.396,6.5520000000000005,1.0893,1.0448,0.6492,0.4955,0.0283,0.5870000000000001,2.5796,2018,Southeastern Asia,33,6.474,6.396,6.5520000000000005,1.0893,1.0448,0.6492,0.4955,0.0283,0.5870000000000001,2.5796,2019,Southeastern Asia,33,6.474,6.396,6.5520000000000005,1.0893,1.0448,0.6492,0.4955,0.0283,0.5870000000000001,2.5796,2020
20,Sweden,23,"530,833",10,13,27,6,9,77,29,27,18,36,16,91.0,0.63%,0.13%,"410,340",Stockholm,32,69.23,7,Western Europe,8,7.364,0.0316,1.3317,1.2891,0.9109,0.6598,0.4384,0.3626,2.3712,2015,Western Europe,10,7.291,7.227,7.355,1.4518,1.0876,0.8312,0.5822,0.4087,0.3825,2.5473,2016,Western Europe,10,7.291,7.227,7.355,1.4518,1.0876,0.8312,0.5822,0.4087,0.3825,2.5473,2017,Western Europe,10,7.291,7.227,7.355,1.4518,1.0876,0.8312,0.5822,0.4087,0.3825,2.5473,2018,Western Europe,10,7.291,7.227,7.355,1.4518,1.0876,0.8312,0.5822,0.4087,0.3825,2.5473,2019,Western Europe,10,7.291,7.227,7.355,1.4518,1.0876,0.8312,0.5822,0.4087,0.3825,2.5473,2020
21,Belgium,24,"529,607",52,16,39,103,138,105,57,59,1,52,11,81.0,0.44%,0.15%,"30,280",Brussels,15,74.34,18,Western Europe,19,6.937,0.036000000000000004,1.3078,1.2857,0.8967,0.5845,0.2254,0.2225,2.4148,2015,Western Europe,18,6.928999999999999,6.861000000000001,6.997000000000001,1.4254,1.0525,0.8196,0.5135,0.2625,0.2424,2.6136,2016,Western Europe,18,6.928999999999999,6.861000000000001,6.997000000000001,1.4254,1.0525,0.8196,0.5135,0.2625,0.2424,2.6136,2017,Western Europe,18,6.928999999999999,6.861000000000001,6.997000000000001,1.4254,1.0525,0.8196,0.5135,0.2625,0.2424,2.6136,2018,Western Europe,18,6.928999999999999,6.861000000000001,6.997000000000001,1.4254,1.0525,0.8196,0.5135,0.2625,0.2424,2.6136,2019,Western Europe,18,6.928999999999999,6.861000000000001,6.997000000000001,1.4254,1.0525,0.8196,0.5135,0.2625,0.2424,2.6136,2020
22,Argentina,25,"449,663",117,157,171,95,117,77,43,169,116,102,101,32.0,0.93%,0.58%,"2,736,690",Buenos Aires,31,69.25,28,Latin America and Caribbean,30,6.574,0.0461,1.0535,1.2482,0.7872,0.4497,0.0848,0.1145,2.8360000000000003,2015,Latin America and Caribbean,26,6.65,6.56,6.74,1.1514,1.0661,0.6971,0.4228,0.073,0.1099,3.1298,2016,Latin America and Caribbean,26,6.65,6.56,6.74,1.1514,1.0661,0.6971,0.4228,0.073,0.1099,3.1298,2017,Latin America and Caribbean,26,6.65,6.56,6.74,1.1514,1.0661,0.6971,0.4228,0.073,0.1099,3.1298,2018,Latin America and Caribbean,26,6.65,6.56,6.74,1.1514,1.0661,0.6971,0.4228,0.073,0.1099,3.1298,2019,Latin America and Caribbean,26,6.65,6.56,6.74,1.1514,1.0661,0.6971,0.4228,0.073,0.1099,3.1298,2020
23,Nigeria,26,"448,120",145,130,147,172,179,6,33,171,183,96,145,7.0,2.58%,2.64%,"910,770",Abuja,83,51.59,76,Sub-Saharan Africa,78,5.268,0.0419,0.6544,0.9043,0.1601,0.3433,0.0403,0.2723,2.8932,2015,Sub-Saharan Africa,103,4.875,4.75,5.0,0.7522,0.645,0.0511,0.2785,0.0305,0.2322,2.8859,2016,Sub-Saharan Africa,103,4.875,4.75,5.0,0.7522,0.645,0.0511,0.2785,0.0305,0.2322,2.8859,2017,Sub-Saharan Africa,103,4.875,4.75,5.0,0.7522,0.645,0.0511,0.2785,0.0305,0.2322,2.8859,2018,Sub-Saharan Africa,103,4.875,4.75,5.0,0.7522,0.645,0.0511,0.2785,0.0305,0.2322,2.8859,2019,Sub-Saharan Africa,103,4.875,4.75,5.0,0.7522,0.645,0.0511,0.2785,0.0305,0.2322,2.8859,2020
24,Austria,27,"446,315",22,118,42,22,31,77,29,39,1,9,23,97.0,0.57%,0.12%,"82,409",Vienna,7,78.73,12,Western Europe,13,7.2,0.0375,1.3372,1.297,0.8904,0.6243,0.1868,0.3309,2.5332,2015,Western Europe,12,7.119,7.045,7.193,1.4504,1.0838,0.8056,0.5436,0.2135,0.3286,2.6934,2016,Western Europe,12,7.119,7.045,7.193,1.4504,1.0838,0.8056,0.5436,0.2135,0.3286,2.6934,2017,Western Europe,12,7.119,7.045,7.193,1.4504,1.0838,0.8056,0.5436,0.2135,0.3286,2.6934,2018,Western Europe,12,7.119,7.045,7.193,1.4504,1.0838,0.8056,0.5436,0.2135,0.3286,2.6934,2019,Western Europe,12,7.119,7.045,7.193,1.4504,1.0838,0.8056,0.5436,0.2135,0.3286,2.6934,2020
25,United Arab Emirates,29,"421,142",21,51,2,1,10,90,10,1,91,12,69,93.0,1.23%,0.13%,"83,600",Abu Dhabi,39,67.04,19,Middle East and Northern Africa,20,6.901,0.0373,1.4273,1.1258,0.8092,0.6416,0.3858,0.2643,2.2474,2015,Middle East and Northern Africa,28,6.5729999999999995,6.494,6.652,1.5735,0.8711,0.7299,0.5622,0.3556,0.2659,2.2151,2016,Middle East and Northern Africa,28,6.5729999999999995,6.494,6.652,1.5735,0.8711,0.7299,0.5622,0.3556,0.2659,2.2151,2017,Middle East and Northern Africa,28,6.5729999999999995,6.494,6.652,1.5735,0.8711,0.7299,0.5622,0.3556,0.2659,2.2151,2018,Middle East and Northern Africa,28,6.5729999999999995,6.494,6.652,1.5735,0.8711,0.7299,0.5622,0.3556,0.2659,2.2151,2019,Middle East and Northern Africa,28,6.5729999999999995,6.494,6.652,1.5735,0.8711,0.7299,0.5622,0.3556,0.2659,2.2151,2020
26,Norway,30,"403,336",8,19,21,23,14,77,10,28,22,8,6,119.0,0.79%,0.07%,"365,268",Oslo,14,74.36,3,Western Europe,4,7.522,0.0388,1.459,1.331,0.8852,0.6697,0.365,0.34700000000000003,2.4653,2015,Western Europe,4,7.497999999999999,7.421,7.575,1.5774,1.1269,0.7958,0.5961,0.3578,0.379,2.6646,2016,Western Europe,4,7.497999999999999,7.421,7.575,1.5774,1.1269,0.7958,0.5961,0.3578,0.379,2.6646,2017,Western Europe,4,7.497999999999999,7.421,7.575,1.5774,1.1269,0.7958,0.5961,0.3578,0.379,2.6646,2018,Western Europe,4,7.497999999999999,7.421,7.575,1.5774,1.1269,0.7958,0.5961,0.3578,0.379,2.6646,2019,Western Europe,4,7.497999999999999,7.421,7.575,1.5774,1.1269,0.7958,0.5961,0.3578,0.379,2.6646,2020
27,Israel,31,"395,099",54,37,65,77,130,55,16,99,60,92,29,100.0,1.60%,0.11%,"21,640",Jerusalem,19,73.29,10,Middle East and Northern Africa,11,7.278,0.0347,1.2286,1.2239,0.9139,0.4132,0.0778,0.3317,3.0885,2015,Middle East and Northern Africa,11,7.267,7.199,7.335,1.3377,0.9954,0.8492,0.3643,0.0873,0.3229,3.3103,2016,Middle East and Northern Africa,11,7.267,7.199,7.335,1.3377,0.9954,0.8492,0.3643,0.0873,0.3229,3.3103,2017,Middle East and Northern Africa,11,7.267,7.199,7.335,1.3377,0.9954,0.8492,0.3643,0.0873,0.3229,3.3103,2018,Middle East and Northern Africa,11,7.267,7.199,7.335,1.3377,0.9954,0.8492,0.3643,0.0873,0.3229,3.3103,2019,Middle East and Northern Africa,11,7.267,7.199,7.335,1.3377,0.9954,0.8492,0.3643,0.0873,0.3229,3.3103,2020
28,Ireland,32,"388,699",17,8,30,35,40,42,10,4,47,98,17,124.0,1.13%,0.06%,"68,890",Dublin,80,51.89,17,Western Europe,18,6.94,0.0368,1.3359999999999999,1.3695,0.8953,0.6178,0.287,0.45899999999999996,1.9757,2015,Western Europe,19,6.907,6.836,6.978,1.4834,1.1616,0.8146,0.5401,0.2975,0.4496,2.1599,2016,Western Europe,19,6.907,6.836,6.978,1.4834,1.1616,0.8146,0.5401,0.2975,0.4496,2.1599,2017,Western Europe,19,6.907,6.836,6.978,1.4834,1.1616,0.8146,0.5401,0.2975,0.4496,2.1599,2018,Western Europe,19,6.907,6.836,6.978,1.4834,1.1616,0.8146,0.5401,0.2975,0.4496,2.1599,2019,Western Europe,19,6.907,6.836,6.978,1.4834,1.1616,0.8146,0.5401,0.2975,0.4496,2.1599,2020
29,Philippines,33,"376,796",113,173,101,31,114,142,146,105,99,149,59,13.0,1.35%,1.41%,"298,170",Manila,36,67.47,88,Southeastern Asia,90,5.073,0.0493,0.7053,1.0352,0.5811,0.6254,0.1228,0.2499,1.7536,2015,Southeastern Asia,82,5.279,5.16,5.398,0.8122,0.8788,0.4704,0.5485,0.1176,0.2167,2.2348,2016,Southeastern Asia,82,5.279,5.16,5.398,0.8122,0.8788,0.4704,0.5485,0.1176,0.2167,2.2348,2017,Southeastern Asia,82,5.279,5.16,5.398,0.8122,0.8788,0.4704,0.5485,0.1176,0.2167,2.2348,2018,Southeastern Asia,82,5.279,5.16,5.398,0.8122,0.8788,0.4704,0.5485,0.1176,0.2167,2.2348,2019,Southeastern Asia,82,5.279,5.16,5.398,0.8122,0.8788,0.4704,0.5485,0.1176,0.2167,2.2348,2020
30,Singapore,34,"372,063",2,6,16,12,19,29,4,7,42,2,27,114.0,0.79%,0.08%,700,Singapore,25,70.84,22,Southeastern Asia,24,6.797999999999999,0.0378,1.5219,1.02,1.0252,0.5425,0.4921,0.311,1.885,2015,Southeastern Asia,22,6.739,6.6739999999999995,6.803999999999999,1.6456,0.8676,0.9472,0.4877,0.4699,0.3271,1.9938,2016,Southeastern Asia,22,6.739,6.6739999999999995,6.803999999999999,1.6456,0.8676,0.9472,0.4877,0.4699,0.3271,1.9938,2017,Southeastern Asia,22,6.739,6.6739999999999995,6.803999999999999,1.6456,0.8676,0.9472,0.4877,0.4699,0.3271,1.9938,2018,Southeastern Asia,22,6.739,6.6739999999999995,6.803999999999999,1.6456,0.8676,0.9472,0.4877,0.4699,0.3271,1.9938,2019,Southeastern Asia,22,6.739,6.6739999999999995,6.803999999999999,1.6456,0.8676,0.9472,0.4877,0.4699,0.3271,1.9938,2020
31,Malaysia,36,"364,702",24,111,11,8,42,20,4,73,61,44,46,45.0,1.30%,0.42%,"328,550",Kuala Lumpur,34,68.1,59,Southeastern Asia,61,5.77,0.0433,1.1249,1.0702,0.7239,0.5302,0.105,0.3308,1.8854,2015,Southeastern Asia,47,6.005,5.921,6.0889999999999995,1.2514,0.8802,0.6237,0.3903,0.0908,0.4147,2.3538,2016,Southeastern Asia,47,6.005,5.921,6.0889999999999995,1.2514,0.8802,0.6237,0.3903,0.0908,0.4147,2.3538,2017,Southeastern Asia,47,6.005,5.921,6.0889999999999995,1.2514,0.8802,0.6237,0.3903,0.0908,0.4147,2.3538,2018,Southeastern Asia,47,6.005,5.921,6.0889999999999995,1.2514,0.8802,0.6237,0.3903,0.0908,0.4147,2.3538,2019,Southeastern Asia,47,6.005,5.921,6.0889999999999995,1.2514,0.8802,0.6237,0.3903,0.0908,0.4147,2.3538,2020
32,South Africa,37,"351,432",82,136,94,112,107,68,24,46,147,115,55,25.0,1.28%,0.76%,"1,213,090",Pretoria,49,64.14,107,Sub-Saharan Africa,113,4.6419999999999995,0.0458,0.9205,1.1847,0.2769,0.3321,0.0888,0.1197,1.7196,2015,Sub-Saharan Africa,116,4.459,4.371,4.547,1.0242,0.9605,0.1861,0.4248,0.0842,0.1366,1.6423,2016,Sub-Saharan Africa,116,4.459,4.371,4.547,1.0242,0.9605,0.1861,0.4248,0.0842,0.1366,1.6423,2017,Sub-Saharan Africa,116,4.459,4.371,4.547,1.0242,0.9605,0.1861,0.4248,0.0842,0.1366,1.6423,2018,Sub-Saharan Africa,116,4.459,4.371,4.547,1.0242,0.9605,0.1861,0.4248,0.0842,0.1366,1.6423,2019,Sub-Saharan Africa,116,4.459,4.371,4.547,1.0242,0.9605,0.1861,0.4248,0.0842,0.1366,1.6423,2020
33,Denmark,38,"348,078",3,34,1,16,11,42,33,8,1,32,7,115.0,0.35%,0.07%,"42,430",Copenhagen,4,80.0,2,Western Europe,3,7.527,0.0333,1.3255,1.3606,0.8746,0.6494,0.4836,0.3414,2.492,2015,Western Europe,1,7.526,7.46,7.5920000000000005,1.4418,1.1637,0.795,0.5794,0.4445,0.3617,2.7394,2016,Western Europe,1,7.526,7.46,7.5920000000000005,1.4418,1.1637,0.795,0.5794,0.4445,0.3617,2.7394,2017,Western Europe,1,7.526,7.46,7.5920000000000005,1.4418,1.1637,0.795,0.5794,0.4445,0.3617,2.7394,2018,Western Europe,1,7.526,7.46,7.5920000000000005,1.4418,1.1637,0.795,0.5794,0.4445,0.3617,2.7394,2019,Western Europe,1,7.526,7.46,7.5920000000000005,1.4418,1.1637,0.795,0.5794,0.4445,0.3617,2.7394,2020
34,Colombia,39,"323,803",59,96,81,81,60,2,16,142,125,177,33,29.0,1.08%,0.65%,"1,109,500",Bogotá,37,67.24,31,Latin America and Caribbean,33,6.477,0.0505,0.9186,1.2402,0.6908,0.5347,0.0512,0.184,2.8574,2015,Latin America and Caribbean,31,6.481,6.3839999999999995,6.577999999999999,1.0303,1.0217,0.5966,0.4474,0.054000000000000006,0.1563,3.1747,2016,Latin America and Caribbean,31,6.481,6.3839999999999995,6.577999999999999,1.0303,1.0217,0.5966,0.4474,0.054000000000000006,0.1563,3.1747,2017,Latin America and Caribbean,31,6.481,6.3839999999999995,6.577999999999999,1.0303,1.0217,0.5966,0.4474,0.054000000000000006,0.1563,3.1747,2018,Latin America and Caribbean,31,6.481,6.3839999999999995,6.577999999999999,1.0303,1.0217,0.5966,0.4474,0.054000000000000006,0.1563,3.1747,2019,Latin America and Caribbean,31,6.481,6.3839999999999995,6.577999999999999,1.0303,1.0217,0.5966,0.4474,0.054000000000000006,0.1563,3.1747,2020
35,Bangladesh,41,"302,571",177,131,130,185,185,159,76,152,173,189,152,8.0,1.01%,2.11%,"130,170",Dhaka,91,42.8,103,Southern Asia,109,4.694,0.0308,0.3975,0.4311,0.6016,0.4082,0.1257,0.2122,2.5177,2015,Southern Asia,110,4.643,4.56,4.726,0.5418,0.2475,0.5299,0.3978,0.1258,0.1913,2.609,2016,Southern Asia,110,4.643,4.56,4.726,0.5418,0.2475,0.5299,0.3978,0.1258,0.1913,2.609,2017,Southern Asia,110,4.643,4.56,4.726,0.5418,0.2475,0.5299,0.3978,0.1258,0.1913,2.609,2018,Southern Asia,110,4.643,4.56,4.726,0.5418,0.2475,0.5299,0.3978,0.1258,0.1913,2.609,2019,Southern Asia,110,4.643,4.56,4.726,0.5418,0.2475,0.5299,0.3978,0.1258,0.1913,2.609,2020
36,Chile,42,"282,318",55,65,15,44,61,90,57,72,68,56,52,63.0,0.87%,0.25%,"743,532",Santiago,44,65.44,25,Latin America and Caribbean,27,6.67,0.057999999999999996,1.1072,1.1245,0.8586,0.4413,0.1287,0.3336,2.6758,2015,Latin America and Caribbean,24,6.705,6.615,6.795,1.2167,0.9059,0.8188,0.3779,0.1145,0.316,2.955,2016,Latin America and Caribbean,24,6.705,6.615,6.795,1.2167,0.9059,0.8188,0.3779,0.1145,0.316,2.955,2017,Latin America and Caribbean,24,6.705,6.615,6.795,1.2167,0.9059,0.8188,0.3779,0.1145,0.316,2.955,2018,Latin America and Caribbean,24,6.705,6.615,6.795,1.2167,0.9059,0.8188,0.3779,0.1145,0.316,2.955,2019,Latin America and Caribbean,24,6.705,6.615,6.795,1.2167,0.9059,0.8188,0.3779,0.1145,0.316,2.955,2020
37,Pakistan,43,"278,222",147,142,141,167,170,105,20,172,171,156,82,5.0,2.00%,2.83%,"770,880",Islamabad,54,60.59,79,Southern Asia,81,5.194,0.0373,0.5954,0.4141,0.5147,0.121,0.1046,0.3367,3.1071,2015,Southern Asia,92,5.132000000000001,5.038,5.226,0.6882,0.2614,0.4031,0.1462,0.1388,0.3118,3.1829,2016,Southern Asia,92,5.132000000000001,5.038,5.226,0.6882,0.2614,0.4031,0.1462,0.1388,0.3118,3.1829,2017,Southern Asia,92,5.132000000000001,5.038,5.226,0.6882,0.2614,0.4031,0.1462,0.1388,0.3118,3.1829,2018,Southern Asia,92,5.132000000000001,5.038,5.226,0.6882,0.2614,0.4031,0.1462,0.1388,0.3118,3.1829,2019,Southern Asia,92,5.132000000000001,5.038,5.226,0.6882,0.2614,0.4031,0.1462,0.1388,0.3118,3.1829,2020
38,Finland,44,"268,761",13,26,37,20,27,55,62,12,34,46,2,116.0,0.15%,0.07%,"303,890",Helsinki,10,75.79,5,Western Europe,6,7.406000000000001,0.0314,1.2902,1.3183,0.8891,0.6417,0.4137,0.2335,2.6196,2015,Western Europe,5,7.412999999999999,7.351,7.475,1.406,1.1346,0.8109,0.5710000000000001,0.41,0.2549,2.826,2016,Western Europe,5,7.412999999999999,7.351,7.475,1.406,1.1346,0.8109,0.5710000000000001,0.41,0.2549,2.826,2017,Western Europe,5,7.412999999999999,7.351,7.475,1.406,1.1346,0.8109,0.5710000000000001,0.41,0.2549,2.826,2018,Western Europe,5,7.412999999999999,7.351,7.475,1.406,1.1346,0.8109,0.5710000000000001,0.41,0.2549,2.826,2019,Western Europe,5,7.412999999999999,7.351,7.475,1.406,1.1346,0.8109,0.5710000000000001,0.41,0.2549,2.826,2020
39,Vietnam,45,"261,921",68,123,20,64,63,29,81,86,94,66,129,15.0,0.91%,1.25%,"310,070",Hanoi,61,57.7,73,Southeastern Asia,75,5.36,0.0311,0.6322,0.9123,0.7468,0.5944,0.1044,0.1686,2.2017,2015,Southeastern Asia,96,5.061,4.9910000000000005,5.131,0.7404,0.7912,0.6616,0.5595,0.1156,0.2507,1.9418,2016,Southeastern Asia,96,5.061,4.9910000000000005,5.131,0.7404,0.7912,0.6616,0.5595,0.1156,0.2507,1.9418,2017,Southeastern Asia,96,5.061,4.9910000000000005,5.131,0.7404,0.7912,0.6616,0.5595,0.1156,0.2507,1.9418,2018,Southeastern Asia,96,5.061,4.9910000000000005,5.131,0.7404,0.7912,0.6616,0.5595,0.1156,0.2507,1.9418,2019,Southeastern Asia,96,5.061,4.9910000000000005,5.131,0.7404,0.7912,0.6616,0.5595,0.1156,0.2507,1.9418,2020
40,Romania,46,"250,077",45,64,150,147,45,20,57,42,1,17,51,61.0,-0.66%,0.25%,"230,170",Bucharest,73,55.06,84,Central and Eastern Europe,86,5.124,0.0661,1.0434,0.8859,0.7689,0.3507,0.0065,0.1375,1.9313,2015,Central and Eastern Europe,71,5.528,5.4270000000000005,5.629,1.1697,0.728,0.6759999999999999,0.3671,0.0068,0.1289,2.4518,2016,Central and Eastern Europe,71,5.528,5.4270000000000005,5.629,1.1697,0.728,0.6759999999999999,0.3671,0.0068,0.1289,2.4518,2017,Central and Eastern Europe,71,5.528,5.4270000000000005,5.629,1.1697,0.728,0.6759999999999999,0.3671,0.0068,0.1289,2.4518,2018,Central and Eastern Europe,71,5.528,5.4270000000000005,5.629,1.1697,0.728,0.6759999999999999,0.3671,0.0068,0.1289,2.4518,2019,Central and Eastern Europe,71,5.528,5.4270000000000005,5.629,1.1697,0.728,0.6759999999999999,0.3671,0.0068,0.1289,2.4518,2020
41,Czech Republic,47,"246,489",30,81,127,15,32,42,62,53,1,91,25,86.0,0.18%,0.14%,"77,240",Prague,12,74.62,29,Central and Eastern Europe,31,6.505,0.0417,1.179,1.2064,0.8448,0.4636,0.0265,0.1069,2.6778,2015,Central and Eastern Europe,27,6.596,6.515,6.6770000000000005,1.3092,1.0079,0.7638,0.4142,0.0399,0.0993,2.9621,2016,Central and Eastern Europe,27,6.596,6.515,6.6770000000000005,1.3092,1.0079,0.7638,0.4142,0.0399,0.0993,2.9621,2017,Central and Eastern Europe,27,6.596,6.515,6.6770000000000005,1.3092,1.0079,0.7638,0.4142,0.0399,0.0993,2.9621,2018,Central and Eastern Europe,27,6.596,6.515,6.6770000000000005,1.3092,1.0079,0.7638,0.4142,0.0399,0.0993,2.9621,2019,Central and Eastern Europe,27,6.596,6.515,6.6770000000000005,1.3092,1.0079,0.7638,0.4142,0.0399,0.0993,2.9621,2020
42,Portugal,48,"237,686",29,48,32,58,28,105,57,38,1,19,15,89.0,-0.29%,0.13%,"91,590",Lisbon,23,71.88,86,Western Europe,88,5.102,0.048,1.1599,1.1394,0.8752,0.5147,0.0108,0.1372,1.2646,2015,Western Europe,94,5.122999999999999,5.03,5.216,1.2761,0.9437,0.7936,0.4473,0.0152,0.1169,1.5301,2016,Western Europe,94,5.122999999999999,5.03,5.216,1.2761,0.9437,0.7936,0.4473,0.0152,0.1169,1.5301,2017,Western Europe,94,5.122999999999999,5.03,5.216,1.2761,0.9437,0.7936,0.4473,0.0152,0.1169,1.5301,2018,Western Europe,94,5.122999999999999,5.03,5.216,1.2761,0.9437,0.7936,0.4473,0.0152,0.1169,1.5301,2019,Western Europe,94,5.122999999999999,5.03,5.216,1.2761,0.9437,0.7936,0.4473,0.0152,0.1169,1.5301,2020
43,Iraq,49,"234,094",168,154,93,116,101,186,124,129,179,144,168,36.0,2.32%,0.52%,"434,320",Baghdad,92,41.36,106,Middle East and Northern Africa,112,4.677,0.0523,0.9855,0.8189,0.6024,0.0,0.1379,0.1792,1.9534,2015,Middle East and Northern Africa,112,4.575,4.446000000000001,4.704,1.0747,0.5920000000000001,0.5108,0.2486,0.1364,0.1959,1.8166,2016,Middle East and Northern Africa,112,4.575,4.446000000000001,4.704,1.0747,0.5920000000000001,0.5108,0.2486,0.1364,0.1959,1.8166,2017,Middle East and Northern Africa,112,4.575,4.446000000000001,4.704,1.0747,0.5920000000000001,0.5108,0.2486,0.1364,0.1959,1.8166,2018,Middle East and Northern Africa,112,4.575,4.446000000000001,4.704,1.0747,0.5920000000000001,0.5108,0.2486,0.1364,0.1959,1.8166,2019,Middle East and Northern Africa,112,4.575,4.446000000000001,4.704,1.0747,0.5920000000000001,0.5108,0.2486,0.1364,0.1959,1.8166,2020
44,Peru,50,"226,848",58,114,61,63,44,20,51,121,92,63,84,43.0,1.42%,0.42%,"1,280,000",Lima,69,56.15,56,Latin America and Caribbean,58,5.824,0.0461,0.9002,0.9746,0.7302,0.415,0.0599,0.1498,2.5945,2015,Latin America and Caribbean,64,5.742999999999999,5.647,5.8389999999999995,0.996,0.8126,0.6299,0.375,0.0529,0.1453,2.7312,2016,Latin America and Caribbean,64,5.742999999999999,5.647,5.8389999999999995,0.996,0.8126,0.6299,0.375,0.0529,0.1453,2.7312,2017,Latin America and Caribbean,64,5.742999999999999,5.647,5.8389999999999995,0.996,0.8126,0.6299,0.375,0.0529,0.1453,2.7312,2018,Latin America and Caribbean,64,5.742999999999999,5.647,5.8389999999999995,0.996,0.8126,0.6299,0.375,0.0529,0.1453,2.7312,2019,Latin America and Caribbean,64,5.742999999999999,5.647,5.8389999999999995,0.996,0.8126,0.6299,0.375,0.0529,0.1453,2.7312,2020
45,Greece,51,"209,853",67,37,58,76,145,90,43,65,29,131,57,87.0,-0.48%,0.13%,"128,900",Athens,67,56.21,96,Western Europe,102,4.857,0.0506,1.1541,0.9293,0.8821,0.077,0.013999999999999999,0.0,1.801,2015,Western Europe,99,5.033,4.935,5.131,1.2489,0.7547,0.8003,0.0582,0.0413,0.0,2.1294,2016,Western Europe,99,5.033,4.935,5.131,1.2489,0.7547,0.8003,0.0582,0.0413,0.0,2.1294,2017,Western Europe,99,5.033,4.935,5.131,1.2489,0.7547,0.8003,0.0582,0.0413,0.0,2.1294,2018,Western Europe,99,5.033,4.935,5.131,1.2489,0.7547,0.8003,0.0582,0.0413,0.0,2.1294,2019,Western Europe,99,5.033,4.935,5.131,1.2489,0.7547,0.8003,0.0582,0.0413,0.0,2.1294,2020
46,New Zealand,52,"206,929",1,1,3,37,1,1,2,9,56,21,32,126.0,0.82%,0.06%,"263,310",Wellington,16,73.81,8,Australia and New Zealand,9,7.2860000000000005,0.0337,1.2502,1.3197,0.9084,0.6394,0.4292,0.475,2.2642,2015,Australia and New Zealand,8,7.334,7.263999999999999,7.404,1.3607,1.1728,0.831,0.5815,0.419,0.494,2.4755,2016,Australia and New Zealand,8,7.334,7.263999999999999,7.404,1.3607,1.1728,0.831,0.5815,0.419,0.494,2.4755,2017,Australia and New Zealand,8,7.334,7.263999999999999,7.404,1.3607,1.1728,0.831,0.5815,0.419,0.494,2.4755,2018,Australia and New Zealand,8,7.334,7.263999999999999,7.404,1.3607,1.1728,0.831,0.5815,0.419,0.494,2.4755,2019,Australia and New Zealand,8,7.334,7.263999999999999,7.404,1.3607,1.1728,0.831,0.5815,0.419,0.494,2.4755,2020
47,Qatar,53,"183,466",83,89,19,65,26,133,177,1,90,123,116,139.0,1.73%,0.04%,"11,610",Doha,18,73.3,26,Middle East and Northern Africa,28,6.611000000000001,0.0626,1.6904,1.0786,0.7973,0.6404,0.5221,0.3257,1.5567,2015,Middle East and Northern Africa,36,6.375,6.178,6.572,1.8243,0.8796,0.7172,0.5668,0.4805,0.3239,1.5822,2016,Middle East and Northern Africa,36,6.375,6.178,6.572,1.8243,0.8796,0.7172,0.5668,0.4805,0.3239,1.5822,2017,Middle East and Northern Africa,36,6.375,6.178,6.572,1.8243,0.8796,0.7172,0.5668,0.4805,0.3239,1.5822,2018,Middle East and Northern Africa,36,6.375,6.178,6.572,1.8243,0.8796,0.7172,0.5668,0.4805,0.3239,1.5822,2019,Middle East and Northern Africa,36,6.375,6.178,6.572,1.8243,0.8796,0.7172,0.5668,0.4805,0.3239,1.5822,2020
48,Kazakhstan,54,"180,162",36,41,52,70,17,77,1,50,123,6,39,64.0,1.21%,0.24%,"2,699,700",Astana,86,50.7,52,Central and Eastern Europe,54,5.855,0.0411,1.1225,1.1224,0.6437,0.5165,0.0845,0.1183,2.2473,2015,Central and Eastern Europe,54,5.919,5.837000000000001,6.001,1.2294,0.9554,0.5739,0.4052,0.1113,0.1501,2.4933,2016,Central and Eastern Europe,54,5.919,5.837000000000001,6.001,1.2294,0.9554,0.5739,0.4052,0.1113,0.1501,2.4933,2017,Central and Eastern Europe,54,5.919,5.837000000000001,6.001,1.2294,0.9554,0.5739,0.4052,0.1113,0.1501,2.4933,2018,Central and Eastern Europe,54,5.919,5.837000000000001,6.001,1.2294,0.9554,0.5739,0.4052,0.1113,0.1501,2.4933,2019,Central and Eastern Europe,54,5.919,5.837000000000001,6.001,1.2294,0.9554,0.5739,0.4052,0.1113,0.1501,2.4933,2020
49,Algeria,55,"169,988",166,145,146,120,163,177,170,157,181,103,71,33.0,1.85%,0.56%,"2,381,740",Algiers,74,54.86,66,Middle East and Northern Africa,68,5.605,0.051,0.9393,1.0777,0.6177,0.2858,0.1738,0.0782,2.4321,2015,Middle East and Northern Africa,38,6.355,6.227,6.483,1.0527,0.8331,0.618,0.2101,0.1616,0.0704,3.409,2016,Middle East and Northern Africa,38,6.355,6.227,6.483,1.0527,0.8331,0.618,0.2101,0.1616,0.0704,3.409,2017,Middle East and Northern Africa,38,6.355,6.227,6.483,1.0527,0.8331,0.618,0.2101,0.1616,0.0704,3.409,2018,Middle East and Northern Africa,38,6.355,6.227,6.483,1.0527,0.8331,0.618,0.2101,0.1616,0.0704,3.409,2019,Middle East and Northern Africa,38,6.355,6.227,6.483,1.0527,0.8331,0.618,0.2101,0.1616,0.0704,3.409,2020
50,Hungary,56,"160,967",48,79,90,110,29,29,108,93,1,13,62,94.0,-0.25%,0.12%,"90,530",Budapest,87,47.8,98,Central and Eastern Europe,104,4.8,0.0611,1.1209,1.2022,0.759,0.3211,0.0276,0.128,1.2407,2015,Central and Eastern Europe,91,5.145,5.056,5.234,1.2414,0.9316,0.6761,0.1977,0.0447,0.099,1.9547,2016,Central and Eastern Europe,91,5.145,5.056,5.234,1.2414,0.9316,0.6761,0.1977,0.0447,0.099,1.9547,2017,Central and Eastern Europe,91,5.145,5.056,5.234,1.2414,0.9316,0.6761,0.1977,0.0447,0.099,1.9547,2018,Central and Eastern Europe,91,5.145,5.056,5.234,1.2414,0.9316,0.6761,0.1977,0.0447,0.099,1.9547,2019,Central and Eastern Europe,91,5.145,5.056,5.234,1.2414,0.9316,0.6761,0.1977,0.0447,0.099,1.9547,2020
51,Ukraine,57,"153,781",76,52,35,128,64,29,81,43,119,82,149,35.0,-0.59%,0.56%,"579,320",Kiev,78,52.33,105,Central and Eastern Europe,111,4.681,0.0441,0.7991,1.2028,0.6739,0.2512,0.0296,0.1528,1.5714,2015,Central and Eastern Europe,123,4.324,4.236000000000001,4.412,0.8729,1.0141,0.5863,0.1286,0.0183,0.2036,1.5007,2016,Central and Eastern Europe,123,4.324,4.236000000000001,4.412,0.8729,1.0141,0.5863,0.1286,0.0183,0.2036,1.5007,2017,Central and Eastern Europe,123,4.324,4.236000000000001,4.412,0.8729,1.0141,0.5863,0.1286,0.0183,0.2036,1.5007,2018,Central and Eastern Europe,123,4.324,4.236000000000001,4.412,0.8729,1.0141,0.5863,0.1286,0.0183,0.2036,1.5007,2019,Central and Eastern Europe,123,4.324,4.236000000000001,4.412,0.8729,1.0141,0.5863,0.1286,0.0183,0.2036,1.5007,2020
52,Kuwait,58,"134,761",96,149,129,97,70,133,81,6,154,73,110,129.0,1.51%,0.05%,"17,820",Kuwait City,68,56.21,37,Middle East and Northern Africa,39,6.295,0.0446,1.5542,1.1659,0.7249,0.555,0.2561,0.1623,1.8763,2015,Middle East and Northern Africa,41,6.239,6.154,6.324,1.6171,0.8776,0.6357,0.4317,0.2367,0.1596,2.2808,2016,Middle East and Northern Africa,41,6.239,6.154,6.324,1.6171,0.8776,0.6357,0.4317,0.2367,0.1596,2.2808,2017,Middle East and Northern Africa,41,6.239,6.154,6.324,1.6171,0.8776,0.6357,0.4317,0.2367,0.1596,2.2808,2018,Middle East and Northern Africa,41,6.239,6.154,6.324,1.6171,0.8776,0.6357,0.4317,0.2367,0.1596,2.2808,2019,Middle East and Northern Africa,41,6.239,6.154,6.324,1.6171,0.8776,0.6357,0.4317,0.2367,0.1596,2.2808,2020
53,Morocco,59,"118,725",69,35,17,72,86,105,62,25,65,57,134,40.0,1.20%,0.47%,"446,300",Rabat,89,45.72,89,Middle East and Northern Africa,92,5.013,0.0342,0.7348,0.6409999999999999,0.6095,0.4169,0.0855,0.0717,2.4537,2015,Middle East and Northern Africa,90,5.151,5.058,5.244,0.8406,0.386,0.5947,0.2565,0.084,0.0405,2.9489,2016,Middle East and Northern Africa,90,5.151,5.058,5.244,0.8406,0.386,0.5947,0.2565,0.084,0.0405,2.9489,2017,Middle East and Northern Africa,90,5.151,5.058,5.244,0.8406,0.386,0.5947,0.2565,0.084,0.0405,2.9489,2018,Middle East and Northern Africa,90,5.151,5.058,5.244,0.8406,0.386,0.5947,0.2565,0.084,0.0405,2.9489,2019,Middle East and Northern Africa,90,5.151,5.058,5.244,0.8406,0.386,0.5947,0.2565,0.084,0.0405,2.9489,2020
54,Ecuador,60,"107,436",118,168,105,85,74,105,124,145,102,75,157,67.0,1.55%,0.23%,"248,360",Quito,26,70.59,46,Latin America and Caribbean,48,5.975,0.0453,0.8640000000000001,0.9990000000000001,0.7907,0.4857,0.1809,0.1154,2.5394,2015,Latin America and Caribbean,51,5.976,5.88,6.072,0.9731,0.8597,0.6861,0.4027,0.1804,0.1007,2.7737,2016,Latin America and Caribbean,51,5.976,5.88,6.072,0.9731,0.8597,0.6861,0.4027,0.1804,0.1007,2.7737,2017,Latin America and Caribbean,51,5.976,5.88,6.072,0.9731,0.8597,0.6861,0.4027,0.1804,0.1007,2.7737,2018,Latin America and Caribbean,51,5.976,5.88,6.072,0.9731,0.8597,0.6861,0.4027,0.1804,0.1007,2.7737,2019,Latin America and Caribbean,51,5.976,5.88,6.072,0.9731,0.8597,0.6861,0.4027,0.1804,0.1007,2.7737,2020
55,Kenya,65,"95,503",80,117,124,71,125,29,62,92,106,90,95,27.0,2.28%,0.69%,"569,140",Nairobi,71,55.59,119,Sub-Saharan Africa,125,4.419,0.0473,0.3647,0.9988,0.4144,0.4222,0.0584,0.3754,1.7856,2015,Sub-Saharan Africa,122,4.356,4.2589999999999995,4.453,0.5227,0.7624,0.3015,0.4058,0.0669,0.4133,1.8833,2016,Sub-Saharan Africa,122,4.356,4.2589999999999995,4.453,0.5227,0.7624,0.3015,0.4058,0.0669,0.4133,1.8833,2017,Sub-Saharan Africa,122,4.356,4.2589999999999995,4.453,0.5227,0.7624,0.3015,0.4058,0.0669,0.4133,1.8833,2018,Sub-Saharan Africa,122,4.356,4.2589999999999995,4.453,0.5227,0.7624,0.3015,0.4058,0.0669,0.4133,1.8833,2019,Sub-Saharan Africa,122,4.356,4.2589999999999995,4.453,0.5227,0.7624,0.3015,0.4058,0.0669,0.4133,1.8833,2020
56,Dominican Republic,67,"88,941",99,116,62,108,79,105,96,149,59,136,121,85.0,1.01%,0.14%,"48,320",Santo Domingo,76,54.67,93,Latin America and Caribbean,98,4.885,0.0745,0.8954,1.172,0.6682,0.5767,0.1423,0.2168,1.213,2015,Latin America and Caribbean,89,5.155,5.037,5.273,1.0279,0.995,0.5767,0.5226,0.1237,0.2129,1.6963,2016,Latin America and Caribbean,89,5.155,5.037,5.273,1.0279,0.995,0.5767,0.5226,0.1237,0.2129,1.6963,2017,Latin America and Caribbean,89,5.155,5.037,5.273,1.0279,0.995,0.5767,0.5226,0.1237,0.2129,1.6963,2018,Latin America and Caribbean,89,5.155,5.037,5.273,1.0279,0.995,0.5767,0.5226,0.1237,0.2129,1.6963,2019,Latin America and Caribbean,89,5.155,5.037,5.273,1.0279,0.995,0.5767,0.5226,0.1237,0.2129,1.6963,2020
57,Sri Lanka,68,"84,009",111,77,76,93,157,122,43,158,86,165,88,58.0,0.42%,0.27%,"62,710",Colombo,21,72.53,125,Southern Asia,132,4.271,0.0375,0.8352,1.0190000000000001,0.7081,0.5373,0.0918,0.4083,0.6711,2015,Southern Asia,117,4.415,4.322,4.508,0.9732,0.8478,0.6201,0.5082,0.0796,0.4698,0.9168,2016,Southern Asia,117,4.415,4.322,4.508,0.9732,0.8478,0.6201,0.5082,0.0796,0.4698,0.9168,2017,Southern Asia,117,4.415,4.322,4.508,0.9732,0.8478,0.6201,0.5082,0.0796,0.4698,0.9168,2018,Southern Asia,117,4.415,4.322,4.508,0.9732,0.8478,0.6201,0.5082,0.0796,0.4698,0.9168,2019,Southern Asia,117,4.415,4.322,4.508,0.9732,0.8478,0.6201,0.5082,0.0796,0.4698,0.9168,2020
58,Guatemala,70,"76,710",97,139,116,36,85,20,172,100,79,176,153,66.0,1.90%,0.23%,"107,160",Guatemala City,35,67.75,41,Latin America and Caribbean,43,6.122999999999999,0.0522,0.7455,1.0436,0.6442,0.5773,0.0947,0.2749,2.7426,2015,Latin America and Caribbean,39,6.324,6.212999999999999,6.435,0.8345,0.8712,0.5404,0.5038,0.087,0.2881,3.1986,2016,Latin America and Caribbean,39,6.324,6.212999999999999,6.435,0.8345,0.8712,0.5404,0.5038,0.087,0.2881,3.1986,2017,Latin America and Caribbean,39,6.324,6.212999999999999,6.435,0.8345,0.8712,0.5404,0.5038,0.087,0.2881,3.1986,2018,Latin America and Caribbean,39,6.324,6.212999999999999,6.435,0.8345,0.8712,0.5404,0.5038,0.087,0.2881,3.1986,2019,Latin America and Caribbean,39,6.324,6.212999999999999,6.435,0.8345,0.8712,0.5404,0.5038,0.087,0.2881,3.1986,2020
59,Bulgaria,73,"67,927",50,95,51,141,67,42,24,90,21,40,50,107.0,-0.74%,0.09%,"108,560",Sofia,72,55.4,127,Central and Eastern Europe,134,4.218,0.0483,1.0122,1.1061,0.7665,0.3059,0.0087,0.1192,0.8999,2015,Central and Eastern Europe,129,4.217,4.104,4.33,1.1131,0.9254,0.6781,0.2122,0.0062,0.1279,1.1538,2016,Central and Eastern Europe,129,4.217,4.104,4.33,1.1131,0.9254,0.6781,0.2122,0.0062,0.1279,1.1538,2017,Central and Eastern Europe,129,4.217,4.104,4.33,1.1131,0.9254,0.6781,0.2122,0.0062,0.1279,1.1538,2018,Central and Eastern Europe,129,4.217,4.104,4.33,1.1131,0.9254,0.6781,0.2122,0.0062,0.1279,1.1538,2019,Central and Eastern Europe,129,4.217,4.104,4.33,1.1131,0.9254,0.6781,0.2122,0.0062,0.1279,1.1538,2020
60,Panama,75,"66,801",79,39,88,18,83,29,96,180,54,148,107,128.0,1.61%,0.06%,"74,340",Panama City,57,59.93,23,Latin America and Caribbean,25,6.7860000000000005,0.0491,1.0635,1.1985,0.7966,0.5421,0.0927,0.2443,2.8485,2015,Latin America and Caribbean,25,6.7010000000000005,6.601,6.801,1.1831,0.9891,0.7084,0.4893,0.0842,0.2418,3.0056,2016,Latin America and Caribbean,25,6.7010000000000005,6.601,6.801,1.1831,0.9891,0.7084,0.4893,0.0842,0.2418,3.0056,2017,Latin America and Caribbean,25,6.7010000000000005,6.601,6.801,1.1831,0.9891,0.7084,0.4893,0.0842,0.2418,3.0056,2018,Latin America and Caribbean,25,6.7010000000000005,6.601,6.801,1.1831,0.9891,0.7084,0.4893,0.0842,0.2418,3.0056,2019,Latin America and Caribbean,25,6.7010000000000005,6.601,6.801,1.1831,0.9891,0.7084,0.4893,0.0842,0.2418,3.0056,2020
61,Belarus,77,"63,080",38,30,22,25,5,90,40,96,30,24,68,96.0,-0.03%,0.12%,"202,910",Minsk,59,59.04,57,Central and Eastern Europe,59,5.813,0.0394,1.0319,1.2329,0.7361,0.3794,0.1909,0.1105,2.1309,2015,Central and Eastern Europe,61,5.8020000000000005,5.723,5.881,1.1306,1.0499,0.631,0.2909,0.1746,0.1394,2.3858,2016,Central and Eastern Europe,61,5.8020000000000005,5.723,5.881,1.1306,1.0499,0.631,0.2909,0.1746,0.1394,2.3858,2017,Central and Eastern Europe,61,5.8020000000000005,5.723,5.881,1.1306,1.0499,0.631,0.2909,0.1746,0.1394,2.3858,2018,Central and Eastern Europe,61,5.8020000000000005,5.723,5.881,1.1306,1.0499,0.631,0.2909,0.1746,0.1394,2.3858,2019,Central and Eastern Europe,61,5.8020000000000005,5.723,5.881,1.1306,1.0499,0.631,0.2909,0.1746,0.1394,2.3858,2020
62,Costa Rica,78,"61,774",61,127,70,21,49,12,119,60,73,129,131,122.0,0.92%,0.07%,"51,060",San José,52,62.42,11,Latin America and Caribbean,12,7.226,0.0445,0.9558,1.2379,0.8603,0.6338,0.1058,0.255,3.1773,2015,Latin America and Caribbean,14,7.087000000000001,6.999,7.175,1.0688,1.0215,0.7615,0.5522,0.1055,0.2255,3.3517,2016,Latin America and Caribbean,14,7.087000000000001,6.999,7.175,1.0688,1.0215,0.7615,0.5522,0.1055,0.2255,3.3517,2017,Latin America and Caribbean,14,7.087000000000001,6.999,7.175,1.0688,1.0215,0.7615,0.5522,0.1055,0.2255,3.3517,2018,Latin America and Caribbean,14,7.087000000000001,6.999,7.175,1.0688,1.0215,0.7615,0.5522,0.1055,0.2255,3.3517,2019,Latin America and Caribbean,14,7.087000000000001,6.999,7.175,1.0688,1.0215,0.7615,0.5522,0.1055,0.2255,3.3517,2020
63,Croatia,79,"60,416",51,87,126,75,59,77,29,95,1,23,60,130.0,-0.61%,0.05%,"55,960",Zagreb,51,62.68,60,Central and Eastern Europe,62,5.7589999999999995,0.0439,1.0825,0.7962,0.7879999999999999,0.2588,0.0243,0.0544,2.7541,2015,Central and Eastern Europe,74,5.4879999999999995,5.402,5.574,1.1865,0.6081,0.7052,0.2391,0.04,0.1843,2.5246,2016,Central and Eastern Europe,74,5.4879999999999995,5.402,5.574,1.1865,0.6081,0.7052,0.2391,0.04,0.1843,2.5246,2017,Central and Eastern Europe,74,5.4879999999999995,5.402,5.574,1.1865,0.6081,0.7052,0.2391,0.04,0.1843,2.5246,2018,Central and Eastern Europe,74,5.4879999999999995,5.402,5.574,1.1865,0.6081,0.7052,0.2391,0.04,0.1843,2.5246,2019,Central and Eastern Europe,74,5.4879999999999995,5.402,5.574,1.1865,0.6081,0.7052,0.2391,0.04,0.1843,2.5246,2020
64,Uruguay,82,"56,046",94,61,161,50,112,68,132,106,151,112,66,134.0,0.35%,0.04%,"175,020",Montevideo,41,66.28,30,Latin America and Caribbean,32,6.485,0.0454,1.0617,1.2089,0.8116,0.6036,0.2456,0.2324,2.3214,2015,Latin America and Caribbean,29,6.545,6.456,6.6339999999999995,1.1816,1.0314,0.7218,0.5439,0.2139,0.1806,2.6714,2016,Latin America and Caribbean,29,6.545,6.456,6.6339999999999995,1.1816,1.0314,0.7218,0.5439,0.2139,0.1806,2.6714,2017,Latin America and Caribbean,29,6.545,6.456,6.6339999999999995,1.1816,1.0314,0.7218,0.5439,0.2139,0.1806,2.6714,2018,Latin America and Caribbean,29,6.545,6.456,6.6339999999999995,1.1816,1.0314,0.7218,0.5439,0.2139,0.1806,2.6714,2019,Latin America and Caribbean,29,6.545,6.456,6.6339999999999995,1.1816,1.0314,0.7218,0.5439,0.2139,0.1806,2.6714,2020
65,Lithuania,83,"54,219",16,27,12,33,3,42,43,18,19,4,70,142.0,-1.35%,0.03%,"62,674",Vilnius,29,69.49,54,Central and Eastern Europe,56,5.832999999999999,0.0384,1.1472,1.2574,0.7313,0.2134,0.0103,0.0264,2.4465,2015,Central and Eastern Europe,60,5.813,5.734,5.892,1.2692,1.0641,0.6467,0.1893,0.0182,0.0202,2.6052,2016,Central and Eastern Europe,60,5.813,5.734,5.892,1.2692,1.0641,0.6467,0.1893,0.0182,0.0202,2.6052,2017,Central and Eastern Europe,60,5.813,5.734,5.892,1.2692,1.0641,0.6467,0.1893,0.0182,0.0202,2.6052,2018,Central and Eastern Europe,60,5.813,5.734,5.892,1.2692,1.0641,0.6467,0.1893,0.0182,0.0202,2.6052,2019,Central and Eastern Europe,60,5.813,5.734,5.892,1.2692,1.0641,0.6467,0.1893,0.0182,0.0202,2.6052,2020
66,Slovenia,85,"53,742",37,46,100,19,36,105,24,58,1,122,10,149.0,0.01%,0.03%,"20,140",Ljubljana,46,64.58,53,Central and Eastern Europe,55,5.848,0.0425,1.185,1.2738,0.8734,0.6086,0.0379,0.2533,1.6158,2015,Central and Eastern Europe,63,5.768,5.683,5.853,1.2995,1.0561,0.7915,0.5316,0.0364,0.2574,1.7952,2016,Central and Eastern Europe,63,5.768,5.683,5.853,1.2995,1.0561,0.7915,0.5316,0.0364,0.2574,1.7952,2017,Central and Eastern Europe,63,5.768,5.683,5.853,1.2995,1.0561,0.7915,0.5316,0.0364,0.2574,1.7952,2018,Central and Eastern Europe,63,5.768,5.683,5.853,1.2995,1.0561,0.7915,0.5316,0.0364,0.2574,1.7952,2019,Central and Eastern Europe,63,5.768,5.683,5.853,1.2995,1.0561,0.7915,0.5316,0.0364,0.2574,1.7952,2020
67,Lebanon,86,"53,367",133,143,142,123,102,122,138,113,140,134,147,109.0,-0.44%,0.09%,"10,230",Beirut,48,64.38,97,Middle East and Northern Africa,103,4.8389999999999995,0.0434,1.0256,0.8,0.8395,0.3392,0.0458,0.2185,1.5706,2015,Middle East and Northern Africa,93,5.129,5.031000000000001,5.227,1.1227,0.6418,0.7617,0.2623,0.0306,0.2369,2.0734,2016,Middle East and Northern Africa,93,5.129,5.031000000000001,5.227,1.1227,0.6418,0.7617,0.2623,0.0306,0.2369,2.0734,2017,Middle East and Northern Africa,93,5.129,5.031000000000001,5.227,1.1227,0.6418,0.7617,0.2623,0.0306,0.2369,2.0734,2018,Middle East and Northern Africa,93,5.129,5.031000000000001,5.227,1.1227,0.6418,0.7617,0.2623,0.0306,0.2369,2.0734,2019,Middle East and Northern Africa,93,5.129,5.031000000000001,5.227,1.1227,0.6418,0.7617,0.2623,0.0306,0.2369,2.0734,2020
68,Serbia,88,"51,409",43,32,10,96,57,55,76,82,23,60,48,99.0,-0.40%,0.11%,"87,460",Belgrade,84,51.27,85,Central and Eastern Europe,87,5.122999999999999,0.0486,0.9205,1.0096,0.7484,0.2011,0.0262,0.1923,2.025,2015,Central and Eastern Europe,86,5.1770000000000005,5.083,5.271,1.0344,0.8133,0.6458,0.1572,0.0434,0.2074,2.2754,2016,Central and Eastern Europe,86,5.1770000000000005,5.083,5.271,1.0344,0.8133,0.6458,0.1572,0.0434,0.2074,2.2754,2017,Central and Eastern Europe,86,5.1770000000000005,5.083,5.271,1.0344,0.8133,0.6458,0.1572,0.0434,0.2074,2.2754,2018,Central and Eastern Europe,86,5.1770000000000005,5.083,5.271,1.0344,0.8133,0.6458,0.1572,0.0434,0.2074,2.2754,2019,Central and Eastern Europe,86,5.1770000000000005,5.083,5.271,1.0344,0.8133,0.6458,0.1572,0.0434,0.2074,2.2754,2020
69,Azerbaijan,89,"48,048",57,18,161,102,21,122,10,35,83,38,47,90.0,0.91%,0.13%,"82,658",Baku,90,43.18,78,Central and Eastern Europe,80,5.212000000000001,0.0336,1.0239,0.9379,0.6404,0.3703,0.1606,0.078,2.0007,2015,Central and Eastern Europe,81,5.291,5.226,5.356,1.1237,0.7604,0.545,0.3533,0.1791,0.0564,2.2735,2016,Central and Eastern Europe,81,5.291,5.226,5.356,1.1237,0.7604,0.545,0.3533,0.1791,0.0564,2.2735,2017,Central and Eastern Europe,81,5.291,5.226,5.356,1.1237,0.7604,0.545,0.3533,0.1791,0.0564,2.2735,2018,Central and Eastern Europe,81,5.291,5.226,5.356,1.1237,0.7604,0.545,0.3533,0.1791,0.0564,2.2735,2019,Central and Eastern Europe,81,5.291,5.226,5.356,1.1237,0.7604,0.545,0.3533,0.1791,0.0564,2.2735,2020
70,Jordan,91,"43,744",103,105,110,40,72,159,146,97,53,118,146,88.0,1.00%,0.13%,"88,780",Amman,45,64.6,80,Middle East and Northern Africa,82,5.192,0.0452,0.902,1.0539,0.6964,0.4066,0.1429,0.1105,1.88,2015,Middle East and Northern Africa,80,5.303,5.187,5.419,0.9967,0.8622,0.6071,0.3602,0.133,0.1426,2.2014,2016,Middle East and Northern Africa,80,5.303,5.187,5.419,0.9967,0.8622,0.6071,0.3602,0.133,0.1426,2.2014,2017,Middle East and Northern Africa,80,5.303,5.187,5.419,0.9967,0.8622,0.6071,0.3602,0.133,0.1426,2.2014,2018,Middle East and Northern Africa,80,5.303,5.187,5.419,0.9967,0.8622,0.6071,0.3602,0.133,0.1426,2.2014,2019,Middle East and Northern Africa,80,5.303,5.187,5.419,0.9967,0.8622,0.6071,0.3602,0.133,0.1426,2.2014,2020
71,Tunisia,94,"38,798",88,100,95,48,93,105,119,140,96,76,63,79.0,1.06%,0.15%,"155,360",Tunis,63,57.18,101,Middle East and Northern Africa,107,4.739,0.0359,0.8811,0.6043,0.7379,0.2627,0.0636,0.0643,2.1247,2015,Middle East and Northern Africa,98,5.045,4.965,5.125,0.9772,0.4316,0.5958,0.2355,0.0817,0.0394,2.6841,2016,Middle East and Northern Africa,98,5.045,4.965,5.125,0.9772,0.4316,0.5958,0.2355,0.0817,0.0394,2.6841,2017,Middle East and Northern Africa,98,5.045,4.965,5.125,0.9772,0.4316,0.5958,0.2355,0.0817,0.0394,2.6841,2018,Middle East and Northern Africa,98,5.045,4.965,5.125,0.9772,0.4316,0.5958,0.2355,0.0817,0.0394,2.6841,2019,Middle East and Northern Africa,98,5.045,4.965,5.125,0.9772,0.4316,0.5958,0.2355,0.0817,0.0394,2.6841,2020
72,Latvia,99,"34,117",19,21,49,62,22,12,43,13,25,20,53,151.0,-1.08%,0.02%,"62,200",Riga,50,62.91,87,Central and Eastern Europe,89,5.098,0.0464,1.1131,1.0956,0.7244,0.2967,0.0633,0.1823,1.6222,2015,Central and Eastern Europe,68,5.56,5.486000000000001,5.6339999999999995,1.2179,0.9502,0.6395,0.28,0.0889,0.1744,2.2086,2016,Central and Eastern Europe,68,5.56,5.486000000000001,5.6339999999999995,1.2179,0.9502,0.6395,0.28,0.0889,0.1744,2.2086,2017,Central and Eastern Europe,68,5.56,5.486000000000001,5.6339999999999995,1.2179,0.9502,0.6395,0.28,0.0889,0.1744,2.2086,2018,Central and Eastern Europe,68,5.56,5.486000000000001,5.6339999999999995,1.2179,0.9502,0.6395,0.28,0.0889,0.1744,2.2086,2019,Central and Eastern Europe,68,5.56,5.486000000000001,5.6339999999999995,1.2179,0.9502,0.6395,0.28,0.0889,0.1744,2.2086,2020
73,Estonia,100,"31,387",12,12,8,41,6,42,76,14,17,11,44,155.0,0.07%,0.02%,"42,390",Tallinn,20,72.67,71,Central and Eastern Europe,73,5.428999999999999,0.0401,1.1517,1.2279,0.7736,0.4489,0.1518,0.0868,1.5878,2015,Central and Eastern Europe,72,5.517,5.437,5.597,1.2796,1.0516,0.6809999999999999,0.4151,0.1852,0.0842,1.8198,2016,Central and Eastern Europe,72,5.517,5.437,5.597,1.2796,1.0516,0.6809999999999999,0.4151,0.1852,0.0842,1.8198,2017,Central and Eastern Europe,72,5.517,5.437,5.597,1.2796,1.0516,0.6809999999999999,0.4151,0.1852,0.0842,1.8198,2018,Central and Eastern Europe,72,5.517,5.437,5.597,1.2796,1.0516,0.6809999999999999,0.4151,0.1852,0.0842,1.8198,2019,Central and Eastern Europe,72,5.517,5.437,5.597,1.2796,1.0516,0.6809999999999999,0.4151,0.1852,0.0842,1.8198,2020
74,Nepal,101,"30,641",105,109,157,133,84,90,62,146,76,153,76,49.0,1.85%,0.37%,"143,350",Kathmandu,64,56.88,115,Southern Asia,121,4.513999999999999,0.0361,0.36,0.8645,0.5687,0.3828,0.0591,0.32299999999999995,1.9564,2015,Southern Asia,107,4.793,4.698,4.888,0.4463,0.6970000000000001,0.5007,0.3701,0.0701,0.3816,2.3269,2016,Southern Asia,107,4.793,4.698,4.888,0.4463,0.6970000000000001,0.5007,0.3701,0.0701,0.3816,2.3269,2017,Southern Asia,107,4.793,4.698,4.888,0.4463,0.6970000000000001,0.5007,0.3701,0.0701,0.3816,2.3269,2018,Southern Asia,107,4.793,4.698,4.888,0.4463,0.6970000000000001,0.5007,0.3701,0.0701,0.3816,2.3269,2019,Southern Asia,107,4.793,4.698,4.888,0.4463,0.6970000000000001,0.5007,0.3701,0.0701,0.3816,2.3269,2020
75,Cyprus,107,"24,565",53,50,120,67,92,68,43,44,45,138,21,158.0,0.73%,0.02%,"9,240",Nicosia,81,51.75,65,Western Europe,67,5.689,0.0558,1.2081,0.8932,0.9236,0.4067,0.0615,0.3064,1.8893,2015,Western Europe,69,5.546,5.442,5.65,1.3186,0.7070000000000001,0.8488,0.2951,0.0523,0.2791,2.045,2016,Western Europe,69,5.546,5.442,5.65,1.3186,0.7070000000000001,0.8488,0.2951,0.0523,0.2791,2.045,2017,Western Europe,69,5.546,5.442,5.65,1.3186,0.7070000000000001,0.8488,0.2951,0.0523,0.2791,2.045,2018,Western Europe,69,5.546,5.442,5.65,1.3186,0.7070000000000001,0.8488,0.2951,0.0523,0.2791,2.045,2019,Western Europe,69,5.546,5.442,5.65,1.3186,0.7070000000000001,0.8488,0.2951,0.0523,0.2791,2.045,2020
76,Iceland,108,"24,188",23,55,64,11,15,68,29,33,69,29,13,180.0,0.65%,0.00%,"100,250",Reykjavik,43,65.92,1,Western Europe,2,7.561,0.0488,1.3023,1.4022,0.9478,0.6288,0.1414,0.4363,2.702,2015,Western Europe,3,7.501,7.332999999999999,7.669,1.4267,1.1833,0.8673,0.5662,0.1498,0.4768,2.8314,2016,Western Europe,3,7.501,7.332999999999999,7.669,1.4267,1.1833,0.8673,0.5662,0.1498,0.4768,2.8314,2017,Western Europe,3,7.501,7.332999999999999,7.669,1.4267,1.1833,0.8673,0.5662,0.1498,0.4768,2.8314,2018,Western Europe,3,7.501,7.332999999999999,7.669,1.4267,1.1833,0.8673,0.5662,0.1498,0.4768,2.8314,2019,Western Europe,3,7.501,7.332999999999999,7.669,1.4267,1.1833,0.8673,0.5662,0.1498,0.4768,2.8314,2020
77,Georgia,118,"17,743",9,4,29,30,4,12,2,22,62,7,57,132.0,-0.19%,0.05%,"69,490",Tbilisi,85,51.24,123,Central and Eastern Europe,130,4.297,0.0422,0.7419,0.3856,0.7293,0.4058,0.3833,0.0555,1.5954,2015,Central and Eastern Europe,126,4.252,4.164,4.34,0.8379,0.1925,0.6404,0.3246,0.3188,0.0679,1.8703,2016,Central and Eastern Europe,126,4.252,4.164,4.34,0.8379,0.1925,0.6404,0.3246,0.3188,0.0679,1.8703,2017,Central and Eastern Europe,126,4.252,4.164,4.34,0.8379,0.1925,0.6404,0.3246,0.3188,0.0679,1.8703,2018,Central and Eastern Europe,126,4.252,4.164,4.34,0.8379,0.1925,0.6404,0.3246,0.3188,0.0679,1.8703,2019,Central and Eastern Europe,126,4.252,4.164,4.34,0.8379,0.1925,0.6404,0.3246,0.3188,0.0679,1.8703,2020
78,Albania,123,"15,278",65,45,106,157,103,42,20,125,24,120,41,140.0,-0.11%,0.04%,"27,400",Tirana,77,53.05,91,Central and Eastern Europe,95,4.959,0.0501,0.8787,0.8043,0.8132,0.3573,0.0641,0.1427,1.8989,2015,Central and Eastern Europe,109,4.655,4.546,4.763999999999999,0.9553,0.5016,0.7301,0.3187,0.053,0.1684,1.9282,2016,Central and Eastern Europe,109,4.655,4.546,4.763999999999999,0.9553,0.5016,0.7301,0.3187,0.053,0.1684,1.9282,2017,Central and Eastern Europe,109,4.655,4.546,4.763999999999999,0.9553,0.5016,0.7301,0.3187,0.053,0.1684,1.9282,2018,Central and Eastern Europe,109,4.655,4.546,4.763999999999999,0.9553,0.5016,0.7301,0.3187,0.053,0.1684,1.9282,2019,Central and Eastern Europe,109,4.655,4.546,4.763999999999999,0.9553,0.5016,0.7301,0.3187,0.053,0.1684,1.9282,2020
79,Malta,125,"14,786",84,102,45,78,147,142,51,71,41,37,117,174.0,0.27%,0.01%,320,Valletta,33,68.81,35,Western Europe,37,6.3020000000000005,0.0421,1.2074,1.3019999999999998,0.8872,0.6036,0.1359,0.5175,1.6488,2015,Western Europe,30,6.4879999999999995,6.409,6.567,1.3078,1.0988,0.8032,0.5499,0.1755,0.5624,1.9903,2016,Western Europe,30,6.4879999999999995,6.409,6.567,1.3078,1.0988,0.8032,0.5499,0.1755,0.5624,1.9903,2017,Western Europe,30,6.4879999999999995,6.409,6.567,1.3078,1.0988,0.8032,0.5499,0.1755,0.5624,1.9903,2018,Western Europe,30,6.4879999999999995,6.409,6.567,1.3078,1.0988,0.8032,0.5499,0.1755,0.5624,1.9903,2019,Western Europe,30,6.4879999999999995,6.409,6.567,1.3078,1.0988,0.8032,0.5499,0.1755,0.5624,1.9903,2020
